subj,trial,item,count,n,prob
2,1,related-late,3,3,1
2,1,related-early,0,3,0
2,2,baseline,1,2,0.5
2,2,related,1,2,0.5
2,3,baseline,1,2,0.5
2,3,related,1,2,0.5
2,4,repeated,1,1,1
2,4,related,0,1,0
2,5,repeated,1,1,1
2,5,related,0,1,0
2,6,baseline,0,4,0
2,6,repeated,4,4,1
2,7,baseline,0,1,0
2,7,baseline-foil,1,1,1
2,8,baseline,1,1,1
2,8,baseline-foil,0,1,0
2,9,short,4,4,1
2,9,short-foil,0,4,0
2,10,single,2,6,0.333
2,10,single-foil,4,6,0.667
2,11,baseline-foil,3,4,0.75
2,11,short-foil,1,4,0.25
2,12,baseline,2,4,0.5
2,12,short,2,4,0.5
2,13,baseline,3,4,0.75
2,13,single,1,4,0.25
3,1,related-late,2,3,0.667
3,1,related-early,1,3,0.333
3,2,baseline,1,2,0.5
3,2,related,1,2,0.5
3,3,baseline,2,2,1
3,3,related,0,2,0
3,4,repeated,0,1,0
3,4,related,1,1,1
3,5,repeated,1,1,1
3,5,related,0,1,0
3,6,baseline,2,4,0.5
3,6,repeated,2,4,0.5
3,7,baseline,0,1,0
3,7,baseline-foil,1,1,1
3,8,baseline,0,1,0
3,8,baseline-foil,1,1,1
3,9,short,3,4,0.75
3,9,short-foil,1,4,0.25
3,10,single,6,6,1
3,10,single-foil,0,6,0
3,11,baseline-foil,0,4,0
3,11,short-foil,4,4,1
3,12,baseline,1,4,0.25
3,12,short,3,4,0.75
3,13,baseline,2,4,0.5
3,13,single,2,4,0.5
4,1,related-late,2,3,0.667
4,1,related-early,1,3,0.333
4,2,baseline,1,2,0.5
4,2,related,1,2,0.5
4,3,baseline,1,2,0.5
4,3,related,1,2,0.5
4,4,repeated,0,1,0
4,4,related,1,1,1
4,5,repeated,0,1,0
4,5,related,1,1,1
4,6,baseline,3,4,0.75
4,6,repeated,1,4,0.25
4,7,baseline,1,1,1
4,7,baseline-foil,0,1,0
4,8,baseline,1,1,1
4,8,baseline-foil,0,1,0
4,9,short,3,4,0.75
4,9,short-foil,1,4,0.25
4,10,single,4,6,0.667
4,10,single-foil,2,6,0.333
4,11,baseline-foil,4,4,1
4,11,short-foil,0,4,0
4,12,baseline,4,4,1
4,12,short,0,4,0
4,13,baseline,2,4,0.5
4,13,single,2,4,0.5
7,1,related-late,3,3,1
7,1,related-early,0,3,0
7,2,baseline,0,2,0
7,2,related,2,2,1
7,3,baseline,0,2,0
7,3,related,2,2,1
7,4,repeated,1,1,1
7,4,related,0,1,0
7,5,repeated,1,1,1
7,5,related,0,1,0
7,6,baseline,1,4,0.25
7,6,repeated,3,4,0.75
7,7,baseline,1,1,1
7,7,baseline-foil,0,1,0
7,8,baseline,1,1,1
7,8,baseline-foil,0,1,0
7,9,short,4,4,1
7,9,short-foil,0,4,0
7,10,single,6,6,1
7,10,single-foil,0,6,0
7,11,baseline-foil,2,4,0.5
7,11,short-foil,2,4,0.5
7,12,baseline,1,4,0.25
7,12,short,3,4,0.75
7,13,baseline,3,4,0.75
7,13,single,1,4,0.25
8,1,related-late,3,3,1
8,1,related-early,0,3,0
8,2,baseline,1,2,0.5
8,2,related,1,2,0.5
8,3,baseline,0,2,0
8,3,related,2,2,1
8,4,repeated,1,1,1
8,4,related,0,1,0
8,5,repeated,0,1,0
8,5,related,1,1,1
8,6,baseline,2,4,0.5
8,6,repeated,2,4,0.5
8,7,baseline,1,1,1
8,7,baseline-foil,0,1,0
8,8,baseline,0,1,0
8,8,baseline-foil,1,1,1
8,9,short,3,4,0.75
8,9,short-foil,1,4,0.25
8,10,single,6,6,1
8,10,single-foil,0,6,0
8,11,baseline-foil,3,4,0.75
8,11,short-foil,1,4,0.25
8,12,baseline,2,4,0.5
8,12,short,2,4,0.5
8,13,baseline,3,4,0.75
8,13,single,1,4,0.25
9,1,related-late,0,3,0
9,1,related-early,3,3,1
9,2,baseline,1,2,0.5
9,2,related,1,2,0.5
9,3,baseline,1,2,0.5
9,3,related,1,2,0.5
9,4,repeated,0,1,0
9,4,related,1,1,1
9,5,repeated,0,1,0
9,5,related,1,1,1
9,6,baseline,0,4,0
9,6,repeated,4,4,1
9,7,baseline,1,1,1
9,7,baseline-foil,0,1,0
9,8,baseline,0,1,0
9,8,baseline-foil,1,1,1
9,9,short,2,4,0.5
9,9,short-foil,2,4,0.5
9,10,single,3,6,0.5
9,10,single-foil,3,6,0.5
9,11,baseline-foil,2,4,0.5
9,11,short-foil,2,4,0.5
9,12,baseline,1,4,0.25
9,12,short,3,4,0.75
9,13,baseline,2,4,0.5
9,13,single,2,4,0.5
10,1,related-late,1,3,0.333
10,1,related-early,2,3,0.667
10,2,baseline,2,2,1
10,2,related,0,2,0
10,3,baseline,0,2,0
10,3,related,2,2,1
10,4,repeated,1,1,1
10,4,related,0,1,0
10,5,repeated,0,1,0
10,5,related,1,1,1
10,6,baseline,2,4,0.5
10,6,repeated,2,4,0.5
10,7,baseline,0,1,0
10,7,baseline-foil,1,1,1
10,8,baseline,0,1,0
10,8,baseline-foil,1,1,1
10,9,short,4,4,1
10,9,short-foil,0,4,0
10,10,single,2,6,0.333
10,10,single-foil,4,6,0.667
10,11,baseline-foil,2,4,0.5
10,11,short-foil,2,4,0.5
10,12,baseline,3,4,0.75
10,12,short,1,4,0.25
10,13,baseline,2,4,0.5
10,13,single,2,4,0.5
11,1,related-late,3,3,1
11,1,related-early,0,3,0
11,2,baseline,0,2,0
11,2,related,2,2,1
11,3,baseline,1,2,0.5
11,3,related,1,2,0.5
11,4,repeated,0,1,0
11,4,related,1,1,1
11,5,repeated,1,1,1
11,5,related,0,1,0
11,6,baseline,2,4,0.5
11,6,repeated,2,4,0.5
11,7,baseline,1,1,1
11,7,baseline-foil,0,1,0
11,8,baseline,1,1,1
11,8,baseline-foil,0,1,0
11,9,short,4,4,1
11,9,short-foil,0,4,0
11,10,single,6,6,1
11,10,single-foil,0,6,0
11,11,baseline-foil,1,4,0.25
11,11,short-foil,3,4,0.75
11,12,baseline,2,4,0.5
11,12,short,2,4,0.5
11,13,baseline,0,4,0
11,13,single,4,4,1
12,1,related-late,2,3,0.667
12,1,related-early,1,3,0.333
12,2,baseline,1,2,0.5
12,2,related,1,2,0.5
12,3,baseline,0,2,0
12,3,related,2,2,1
12,4,repeated,0,1,0
12,4,related,1,1,1
12,5,repeated,1,1,1
12,5,related,0,1,0
12,6,baseline,1,4,0.25
12,6,repeated,3,4,0.75
12,7,baseline,0,1,0
12,7,baseline-foil,1,1,1
12,8,baseline,1,1,1
12,8,baseline-foil,0,1,0
12,9,short,4,4,1
12,9,short-foil,0,4,0
12,10,single,4,6,0.667
12,10,single-foil,2,6,0.333
12,11,baseline-foil,2,4,0.5
12,11,short-foil,2,4,0.5
12,12,baseline,1,4,0.25
12,12,short,3,4,0.75
12,13,baseline,1,4,0.25
12,13,single,3,4,0.75
15,1,related-late,1,3,0.333
15,1,related-early,2,3,0.667
15,2,baseline,0,2,0
15,2,related,2,2,1
15,3,baseline,0,2,0
15,3,related,2,2,1
15,4,repeated,1,1,1
15,4,related,0,1,0
15,5,repeated,1,1,1
15,5,related,0,1,0
15,6,baseline,1,4,0.25
15,6,repeated,3,4,0.75
15,7,baseline,0,1,0
15,7,baseline-foil,1,1,1
15,8,baseline,1,1,1
15,8,baseline-foil,0,1,0
15,9,short,4,4,1
15,9,short-foil,0,4,0
15,10,single,2,6,0.333
15,10,single-foil,4,6,0.667
15,11,baseline-foil,4,4,1
15,11,short-foil,0,4,0
15,12,baseline,4,4,1
15,12,short,0,4,0
15,13,baseline,3,4,0.75
15,13,single,1,4,0.25
16,1,related-late,3,3,1
16,1,related-early,0,3,0
16,2,baseline,1,2,0.5
16,2,related,1,2,0.5
16,3,baseline,1,2,0.5
16,3,related,1,2,0.5
16,4,repeated,0,1,0
16,4,related,1,1,1
16,5,repeated,0,1,0
16,5,related,1,1,1
16,6,baseline,3,4,0.75
16,6,repeated,1,4,0.25
16,7,baseline,0,1,0
16,7,baseline-foil,1,1,1
16,8,baseline,1,1,1
16,8,baseline-foil,0,1,0
16,9,short,3,4,0.75
16,9,short-foil,1,4,0.25
16,10,single,3,6,0.5
16,10,single-foil,3,6,0.5
16,11,baseline-foil,3,4,0.75
16,11,short-foil,1,4,0.25
16,12,baseline,3,4,0.75
16,12,short,1,4,0.25
16,13,baseline,3,4,0.75
16,13,single,1,4,0.25
18,1,related-late,1,3,0.333
18,1,related-early,2,3,0.667
18,2,baseline,0,2,0
18,2,related,2,2,1
18,3,baseline,1,2,0.5
18,3,related,1,2,0.5
18,4,repeated,0,1,0
18,4,related,1,1,1
18,5,repeated,1,1,1
18,5,related,0,1,0
18,6,baseline,0,4,0
18,6,repeated,4,4,1
18,7,baseline,1,1,1
18,7,baseline-foil,0,1,0
18,8,baseline,0,1,0
18,8,baseline-foil,1,1,1
18,9,short,3,4,0.75
18,9,short-foil,1,4,0.25
18,10,single,4,6,0.667
18,10,single-foil,2,6,0.333
18,11,baseline-foil,4,4,1
18,11,short-foil,0,4,0
18,12,baseline,3,4,0.75
18,12,short,1,4,0.25
18,13,baseline,3,4,0.75
18,13,single,1,4,0.25
19,1,related-late,3,3,1
19,1,related-early,0,3,0
19,2,baseline,1,2,0.5
19,2,related,1,2,0.5
19,3,baseline,0,2,0
19,3,related,2,2,1
19,4,repeated,0,1,0
19,4,related,1,1,1
19,5,repeated,1,1,1
19,5,related,0,1,0
19,6,baseline,4,4,1
19,6,repeated,0,4,0
19,7,baseline,0,1,0
19,7,baseline-foil,1,1,1
19,8,baseline,1,1,1
19,8,baseline-foil,0,1,0
19,9,short,3,4,0.75
19,9,short-foil,1,4,0.25
19,10,single,5,6,0.833
19,10,single-foil,1,6,0.167
19,11,baseline-foil,3,4,0.75
19,11,short-foil,1,4,0.25
19,12,baseline,2,4,0.5
19,12,short,2,4,0.5
19,13,baseline,4,4,1
19,13,single,0,4,0
20,1,related-late,2,3,0.667
20,1,related-early,1,3,0.333
20,2,baseline,0,2,0
20,2,related,2,2,1
20,3,baseline,2,2,1
20,3,related,0,2,0
20,4,repeated,1,1,1
20,4,related,0,1,0
20,5,repeated,0,1,0
20,5,related,1,1,1
20,6,baseline,3,4,0.75
20,6,repeated,1,4,0.25
20,7,baseline,0,1,0
20,7,baseline-foil,1,1,1
20,8,baseline,0,1,0
20,8,baseline-foil,1,1,1
20,9,short,3,4,0.75
20,9,short-foil,1,4,0.25
20,10,single,4,6,0.667
20,10,single-foil,2,6,0.333
20,11,baseline-foil,2,4,0.5
20,11,short-foil,2,4,0.5
20,12,baseline,2,4,0.5
20,12,short,2,4,0.5
20,13,baseline,2,4,0.5
20,13,single,2,4,0.5
21,1,related-late,2,3,0.667
21,1,related-early,1,3,0.333
21,2,baseline,1,2,0.5
21,2,related,1,2,0.5
21,3,baseline,1,2,0.5
21,3,related,1,2,0.5
21,4,repeated,1,1,1
21,4,related,0,1,0
21,5,repeated,1,1,1
21,5,related,0,1,0
21,6,baseline,1,4,0.25
21,6,repeated,3,4,0.75
21,7,baseline,1,1,1
21,7,baseline-foil,0,1,0
21,8,baseline,0,1,0
21,8,baseline-foil,1,1,1
21,9,short,3,4,0.75
21,9,short-foil,1,4,0.25
21,10,single,6,6,1
21,10,single-foil,0,6,0
21,11,baseline-foil,3,4,0.75
21,11,short-foil,1,4,0.25
21,12,baseline,3,4,0.75
21,12,short,1,4,0.25
21,13,baseline,0,4,0
21,13,single,4,4,1
22,1,related-late,3,3,1
22,1,related-early,0,3,0
22,2,baseline,1,2,0.5
22,2,related,1,2,0.5
22,3,baseline,0,2,0
22,3,related,2,2,1
22,4,repeated,1,1,1
22,4,related,0,1,0
22,5,repeated,1,1,1
22,5,related,0,1,0
22,6,baseline,0,4,0
22,6,repeated,4,4,1
22,7,baseline,1,1,1
22,7,baseline-foil,0,1,0
22,8,baseline,1,1,1
22,8,baseline-foil,0,1,0
22,9,short,3,4,0.75
22,9,short-foil,1,4,0.25
22,10,single,6,6,1
22,10,single-foil,0,6,0
22,11,baseline-foil,2,4,0.5
22,11,short-foil,2,4,0.5
22,12,baseline,2,4,0.5
22,12,short,2,4,0.5
22,13,baseline,0,4,0
22,13,single,4,4,1
23,1,related-late,3,3,1
23,1,related-early,0,3,0
23,2,baseline,1,2,0.5
23,2,related,1,2,0.5
23,3,baseline,1,2,0.5
23,3,related,1,2,0.5
23,4,repeated,1,1,1
23,4,related,0,1,0
23,5,repeated,0,1,0
23,5,related,1,1,1
23,6,baseline,0,4,0
23,6,repeated,4,4,1
23,7,baseline,0,1,0
23,7,baseline-foil,1,1,1
23,8,baseline,0,1,0
23,8,baseline-foil,1,1,1
23,9,short,2,4,0.5
23,9,short-foil,2,4,0.5
23,10,single,4,6,0.667
23,10,single-foil,2,6,0.333
23,11,baseline-foil,3,4,0.75
23,11,short-foil,1,4,0.25
23,12,baseline,2,4,0.5
23,12,short,2,4,0.5
23,13,baseline,2,4,0.5
23,13,single,2,4,0.5
24,1,related-late,2,3,0.667
24,1,related-early,1,3,0.333
24,2,baseline,1,2,0.5
24,2,related,1,2,0.5
24,3,baseline,0,2,0
24,3,related,2,2,1
24,4,repeated,1,1,1
24,4,related,0,1,0
24,5,repeated,0,1,0
24,5,related,1,1,1
24,6,baseline,0,4,0
24,6,repeated,4,4,1
24,7,baseline,1,1,1
24,7,baseline-foil,0,1,0
24,8,baseline,1,1,1
24,8,baseline-foil,0,1,0
24,9,short,4,4,1
24,9,short-foil,0,4,0
24,10,single,6,6,1
24,10,single-foil,0,6,0
24,11,baseline-foil,3,4,0.75
24,11,short-foil,1,4,0.25
24,12,baseline,2,4,0.5
24,12,short,2,4,0.5
24,13,baseline,2,4,0.5
24,13,single,2,4,0.5
25,1,related-late,1,3,0.333
25,1,related-early,2,3,0.667
25,2,baseline,1,2,0.5
25,2,related,1,2,0.5
25,3,baseline,2,2,1
25,3,related,0,2,0
25,4,repeated,1,1,1
25,4,related,0,1,0
25,5,repeated,1,1,1
25,5,related,0,1,0
25,6,baseline,3,4,0.75
25,6,repeated,1,4,0.25
25,7,baseline,1,1,1
25,7,baseline-foil,0,1,0
25,8,baseline,1,1,1
25,8,baseline-foil,0,1,0
25,9,short,3,4,0.75
25,9,short-foil,1,4,0.25
25,10,single,6,6,1
25,10,single-foil,0,6,0
25,11,baseline-foil,4,4,1
25,11,short-foil,0,4,0
25,12,baseline,4,4,1
25,12,short,0,4,0
25,13,baseline,3,4,0.75
25,13,single,1,4,0.25
28,1,related-late,1,3,0.333
28,1,related-early,2,3,0.667
28,2,baseline,2,2,1
28,2,related,0,2,0
28,3,baseline,1,2,0.5
28,3,related,1,2,0.5
28,4,repeated,1,1,1
28,4,related,0,1,0
28,5,repeated,0,1,0
28,5,related,1,1,1
28,6,baseline,1,4,0.25
28,6,repeated,3,4,0.75
28,7,baseline,1,1,1
28,7,baseline-foil,0,1,0
28,8,baseline,1,1,1
28,8,baseline-foil,0,1,0
28,9,short,2,4,0.5
28,9,short-foil,2,4,0.5
28,10,single,6,6,1
28,10,single-foil,0,6,0
28,11,baseline-foil,3,4,0.75
28,11,short-foil,1,4,0.25
28,12,baseline,3,4,0.75
28,12,short,1,4,0.25
28,13,baseline,2,4,0.5
28,13,single,2,4,0.5
29,1,related-late,2,3,0.667
29,1,related-early,1,3,0.333
29,2,baseline,1,2,0.5
29,2,related,1,2,0.5
29,3,baseline,0,2,0
29,3,related,2,2,1
29,4,repeated,0,1,0
29,4,related,1,1,1
29,5,repeated,1,1,1
29,5,related,0,1,0
29,6,baseline,1,4,0.25
29,6,repeated,3,4,0.75
29,7,baseline,1,1,1
29,7,baseline-foil,0,1,0
29,8,baseline,1,1,1
29,8,baseline-foil,0,1,0
29,9,short,3,4,0.75
29,9,short-foil,1,4,0.25
29,10,single,6,6,1
29,10,single-foil,0,6,0
29,11,baseline-foil,3,4,0.75
29,11,short-foil,1,4,0.25
29,12,baseline,0,4,0
29,12,short,4,4,1
29,13,baseline,0,4,0
29,13,single,4,4,1
30,1,related-late,1,3,0.333
30,1,related-early,2,3,0.667
30,2,baseline,0,2,0
30,2,related,2,2,1
30,3,baseline,0,2,0
30,3,related,2,2,1
30,4,repeated,1,1,1
30,4,related,0,1,0
30,5,repeated,1,1,1
30,5,related,0,1,0
30,6,baseline,2,4,0.5
30,6,repeated,2,4,0.5
30,7,baseline,1,1,1
30,7,baseline-foil,0,1,0
30,8,baseline,1,1,1
30,8,baseline-foil,0,1,0
30,9,short,3,4,0.75
30,9,short-foil,1,4,0.25
30,10,single,4,6,0.667
30,10,single-foil,2,6,0.333
30,11,baseline-foil,2,4,0.5
30,11,short-foil,2,4,0.5
30,12,baseline,4,4,1
30,12,short,0,4,0
30,13,baseline,1,4,0.25
30,13,single,3,4,0.75
31,1,related-late,2,3,0.667
31,1,related-early,1,3,0.333
31,2,baseline,2,2,1
31,2,related,0,2,0
31,3,baseline,1,2,0.5
31,3,related,1,2,0.5
31,4,repeated,1,1,1
31,4,related,0,1,0
31,5,repeated,1,1,1
31,5,related,0,1,0
31,6,baseline,1,4,0.25
31,6,repeated,3,4,0.75
31,7,baseline,1,1,1
31,7,baseline-foil,0,1,0
31,8,baseline,1,1,1
31,8,baseline-foil,0,1,0
31,9,short,2,4,0.5
31,9,short-foil,2,4,0.5
31,10,single,3,6,0.5
31,10,single-foil,3,6,0.5
31,11,baseline-foil,3,4,0.75
31,11,short-foil,1,4,0.25
31,12,baseline,4,4,1
31,12,short,0,4,0
31,13,baseline,2,4,0.5
31,13,single,2,4,0.5
32,1,related-late,1,3,0.333
32,1,related-early,2,3,0.667
32,2,baseline,1,2,0.5
32,2,related,1,2,0.5
32,3,baseline,2,2,1
32,3,related,0,2,0
32,4,repeated,0,1,0
32,4,related,1,1,1
32,5,repeated,1,1,1
32,5,related,0,1,0
32,6,baseline,1,4,0.25
32,6,repeated,3,4,0.75
32,7,baseline,1,1,1
32,7,baseline-foil,0,1,0
32,8,baseline,1,1,1
32,8,baseline-foil,0,1,0
32,9,short,3,4,0.75
32,9,short-foil,1,4,0.25
32,10,single,4,6,0.667
32,10,single-foil,2,6,0.333
32,11,baseline-foil,3,4,0.75
32,11,short-foil,1,4,0.25
32,12,baseline,2,4,0.5
32,12,short,2,4,0.5
32,13,baseline,2,4,0.5
32,13,single,2,4,0.5
33,1,related-late,1,3,0.333
33,1,related-early,2,3,0.667
33,2,baseline,0,2,0
33,2,related,2,2,1
33,3,baseline,0,2,0
33,3,related,2,2,1
33,4,repeated,1,1,1
33,4,related,0,1,0
33,5,repeated,1,1,1
33,5,related,0,1,0
33,6,baseline,2,4,0.5
33,6,repeated,2,4,0.5
33,7,baseline,1,1,1
33,7,baseline-foil,0,1,0
33,8,baseline,0,1,0
33,8,baseline-foil,1,1,1
33,9,short,3,4,0.75
33,9,short-foil,1,4,0.25
33,10,single,5,6,0.833
33,10,single-foil,1,6,0.167
33,11,baseline-foil,2,4,0.5
33,11,short-foil,2,4,0.5
33,12,baseline,1,4,0.25
33,12,short,3,4,0.75
33,13,baseline,2,4,0.5
33,13,single,2,4,0.5
34,1,related-late,1,3,0.333
34,1,related-early,2,3,0.667
34,2,baseline,1,2,0.5
34,2,related,1,2,0.5
34,3,baseline,2,2,1
34,3,related,0,2,0
34,4,repeated,1,1,1
34,4,related,0,1,0
34,5,repeated,0,1,0
34,5,related,1,1,1
34,6,baseline,1,4,0.25
34,6,repeated,3,4,0.75
34,7,baseline,1,1,1
34,7,baseline-foil,0,1,0
34,8,baseline,1,1,1
34,8,baseline-foil,0,1,0
34,9,short,4,4,1
34,9,short-foil,0,4,0
34,10,single,6,6,1
34,10,single-foil,0,6,0
34,11,baseline-foil,3,4,0.75
34,11,short-foil,1,4,0.25
34,12,baseline,1,4,0.25
34,12,short,3,4,0.75
34,13,baseline,2,4,0.5
34,13,single,2,4,0.5
35,1,related-late,3,3,1
35,1,related-early,0,3,0
35,2,baseline,0,2,0
35,2,related,2,2,1
35,3,baseline,1,2,0.5
35,3,related,1,2,0.5
35,4,repeated,1,1,1
35,4,related,0,1,0
35,5,repeated,0,1,0
35,5,related,1,1,1
35,6,baseline,1,4,0.25
35,6,repeated,3,4,0.75
35,7,baseline,1,1,1
35,7,baseline-foil,0,1,0
35,8,baseline,1,1,1
35,8,baseline-foil,0,1,0
35,9,short,3,4,0.75
35,9,short-foil,1,4,0.25
35,10,single,5,6,0.833
35,10,single-foil,1,6,0.167
35,11,baseline-foil,0,4,0
35,11,short-foil,4,4,1
35,12,baseline,3,4,0.75
35,12,short,1,4,0.25
35,13,baseline,2,4,0.5
35,13,single,2,4,0.5
36,1,related-late,3,3,1
36,1,related-early,0,3,0
36,2,baseline,1,2,0.5
36,2,related,1,2,0.5
36,3,baseline,1,2,0.5
36,3,related,1,2,0.5
36,4,repeated,1,1,1
36,4,related,0,1,0
36,5,repeated,1,1,1
36,5,related,0,1,0
36,6,baseline,3,4,0.75
36,6,repeated,1,4,0.25
36,7,baseline,1,1,1
36,7,baseline-foil,0,1,0
36,8,baseline,1,1,1
36,8,baseline-foil,0,1,0
36,9,short,3,4,0.75
36,9,short-foil,1,4,0.25
36,10,single,6,6,1
36,10,single-foil,0,6,0
36,11,baseline-foil,3,4,0.75
36,11,short-foil,1,4,0.25
36,12,baseline,3,4,0.75
36,12,short,1,4,0.25
36,13,baseline,1,4,0.25
36,13,single,3,4,0.75
37,1,related-late,0,3,0
37,1,related-early,3,3,1
37,2,baseline,1,2,0.5
37,2,related,1,2,0.5
37,3,baseline,1,2,0.5
37,3,related,1,2,0.5
37,4,repeated,1,1,1
37,4,related,0,1,0
37,5,repeated,0,1,0
37,5,related,1,1,1
37,6,baseline,2,4,0.5
37,6,repeated,2,4,0.5
37,7,baseline,0,1,0
37,7,baseline-foil,1,1,1
37,8,baseline,1,1,1
37,8,baseline-foil,0,1,0
37,9,short,4,4,1
37,9,short-foil,0,4,0
37,10,single,6,6,1
37,10,single-foil,0,6,0
37,11,baseline-foil,4,4,1
37,11,short-foil,0,4,0
37,12,baseline,4,4,1
37,12,short,0,4,0
37,13,baseline,3,4,0.75
37,13,single,1,4,0.25
38,1,related-late,0,3,0
38,1,related-early,3,3,1
38,2,baseline,1,2,0.5
38,2,related,1,2,0.5
38,3,baseline,0,2,0
38,3,related,2,2,1
38,4,repeated,1,1,1
38,4,related,0,1,0
38,5,repeated,1,1,1
38,5,related,0,1,0
38,6,baseline,1,4,0.25
38,6,repeated,3,4,0.75
38,7,baseline,1,1,1
38,7,baseline-foil,0,1,0
38,8,baseline,1,1,1
38,8,baseline-foil,0,1,0
38,9,short,1,4,0.25
38,9,short-foil,3,4,0.75
38,10,single,5,6,0.833
38,10,single-foil,1,6,0.167
38,11,baseline-foil,2,4,0.5
38,11,short-foil,2,4,0.5
38,12,baseline,1,4,0.25
38,12,short,3,4,0.75
38,13,baseline,1,4,0.25
38,13,single,3,4,0.75
40,1,related-late,0,3,0
40,1,related-early,3,3,1
40,2,baseline,1,2,0.5
40,2,related,1,2,0.5
40,3,baseline,1,2,0.5
40,3,related,1,2,0.5
40,4,repeated,0,1,0
40,4,related,1,1,1
40,5,repeated,1,1,1
40,5,related,0,1,0
40,6,baseline,2,4,0.5
40,6,repeated,2,4,0.5
40,7,baseline,1,1,1
40,7,baseline-foil,0,1,0
40,8,baseline,0,1,0
40,8,baseline-foil,1,1,1
40,9,short,4,4,1
40,9,short-foil,0,4,0
40,10,single,5,6,0.833
40,10,single-foil,1,6,0.167
40,11,baseline-foil,1,4,0.25
40,11,short-foil,3,4,0.75
40,12,baseline,0,4,0
40,12,short,4,4,1
40,13,baseline,1,4,0.25
40,13,single,3,4,0.75
41,1,related-late,2,3,0.667
41,1,related-early,1,3,0.333
41,2,baseline,2,2,1
41,2,related,0,2,0
41,3,baseline,1,2,0.5
41,3,related,1,2,0.5
41,4,repeated,1,1,1
41,4,related,0,1,0
41,5,repeated,1,1,1
41,5,related,0,1,0
41,6,baseline,0,4,0
41,6,repeated,4,4,1
41,7,baseline,0,1,0
41,7,baseline-foil,1,1,1
41,8,baseline,1,1,1
41,8,baseline-foil,0,1,0
41,9,short,3,4,0.75
41,9,short-foil,1,4,0.25
41,10,single,6,6,1
41,10,single-foil,0,6,0
41,11,baseline-foil,2,4,0.5
41,11,short-foil,2,4,0.5
41,12,baseline,3,4,0.75
41,12,short,1,4,0.25
41,13,baseline,1,4,0.25
41,13,single,3,4,0.75
42,1,related-late,2,3,0.667
42,1,related-early,1,3,0.333
42,2,baseline,0,2,0
42,2,related,2,2,1
42,3,baseline,1,2,0.5
42,3,related,1,2,0.5
42,4,repeated,1,1,1
42,4,related,0,1,0
42,5,repeated,0,1,0
42,5,related,1,1,1
42,6,baseline,0,4,0
42,6,repeated,4,4,1
42,7,baseline,1,1,1
42,7,baseline-foil,0,1,0
42,8,baseline,1,1,1
42,8,baseline-foil,0,1,0
42,9,short,4,4,1
42,9,short-foil,0,4,0
42,10,single,6,6,1
42,10,single-foil,0,6,0
42,11,baseline-foil,3,4,0.75
42,11,short-foil,1,4,0.25
42,12,baseline,0,4,0
42,12,short,4,4,1
42,13,baseline,2,4,0.5
42,13,single,2,4,0.5
43,1,related-late,1,3,0.333
43,1,related-early,2,3,0.667
43,2,baseline,1,2,0.5
43,2,related,1,2,0.5
43,3,baseline,1,2,0.5
43,3,related,1,2,0.5
43,4,repeated,1,1,1
43,4,related,0,1,0
43,5,repeated,0,1,0
43,5,related,1,1,1
43,6,baseline,1,4,0.25
43,6,repeated,3,4,0.75
43,7,baseline,1,1,1
43,7,baseline-foil,0,1,0
43,8,baseline,0,1,0
43,8,baseline-foil,1,1,1
43,9,short,4,4,1
43,9,short-foil,0,4,0
43,10,single,6,6,1
43,10,single-foil,0,6,0
43,11,baseline-foil,1,4,0.25
43,11,short-foil,3,4,0.75
43,12,baseline,2,4,0.5
43,12,short,2,4,0.5
43,13,baseline,2,4,0.5
43,13,single,2,4,0.5
47,1,related-late,1,3,0.333
47,1,related-early,2,3,0.667
47,2,baseline,1,2,0.5
47,2,related,1,2,0.5
47,3,baseline,2,2,1
47,3,related,0,2,0
47,4,repeated,1,1,1
47,4,related,0,1,0
47,5,repeated,1,1,1
47,5,related,0,1,0
47,6,baseline,1,4,0.25
47,6,repeated,3,4,0.75
47,7,baseline,1,1,1
47,7,baseline-foil,0,1,0
47,8,baseline,0,1,0
47,8,baseline-foil,1,1,1
47,9,short,3,4,0.75
47,9,short-foil,1,4,0.25
47,10,single,6,6,1
47,10,single-foil,0,6,0
47,11,baseline-foil,3,4,0.75
47,11,short-foil,1,4,0.25
47,12,baseline,3,4,0.75
47,12,short,1,4,0.25
47,13,baseline,3,4,0.75
47,13,single,1,4,0.25
48,1,related-late,1,3,0.333
48,1,related-early,2,3,0.667
48,2,baseline,1,2,0.5
48,2,related,1,2,0.5
48,3,baseline,1,2,0.5
48,3,related,1,2,0.5
48,4,repeated,0,1,0
48,4,related,1,1,1
48,5,repeated,0,1,0
48,5,related,1,1,1
48,6,baseline,3,4,0.75
48,6,repeated,1,4,0.25
48,7,baseline,0,1,0
48,7,baseline-foil,1,1,1
48,8,baseline,0,1,0
48,8,baseline-foil,1,1,1
48,9,short,3,4,0.75
48,9,short-foil,1,4,0.25
48,10,single,4,6,0.667
48,10,single-foil,2,6,0.333
48,11,baseline-foil,3,4,0.75
48,11,short-foil,1,4,0.25
48,12,baseline,3,4,0.75
48,12,short,1,4,0.25
48,13,baseline,3,4,0.75
48,13,single,1,4,0.25
49,1,related-late,1,3,0.333
49,1,related-early,2,3,0.667
49,2,baseline,1,2,0.5
49,2,related,1,2,0.5
49,3,baseline,0,2,0
49,3,related,2,2,1
49,4,repeated,1,1,1
49,4,related,0,1,0
49,5,repeated,1,1,1
49,5,related,0,1,0
49,6,baseline,1,4,0.25
49,6,repeated,3,4,0.75
49,7,baseline,1,1,1
49,7,baseline-foil,0,1,0
49,8,baseline,1,1,1
49,8,baseline-foil,0,1,0
49,9,short,4,4,1
49,9,short-foil,0,4,0
49,10,single,6,6,1
49,10,single-foil,0,6,0
49,11,baseline-foil,3,4,0.75
49,11,short-foil,1,4,0.25
49,12,baseline,2,4,0.5
49,12,short,2,4,0.5
49,13,baseline,2,4,0.5
49,13,single,2,4,0.5
50,1,related-late,0,3,0
50,1,related-early,3,3,1
50,2,baseline,0,2,0
50,2,related,2,2,1
50,3,baseline,0,2,0
50,3,related,2,2,1
50,4,repeated,1,1,1
50,4,related,0,1,0
50,5,repeated,1,1,1
50,5,related,0,1,0
50,6,baseline,3,4,0.75
50,6,repeated,1,4,0.25
50,7,baseline,1,1,1
50,7,baseline-foil,0,1,0
50,8,baseline,1,1,1
50,8,baseline-foil,0,1,0
50,9,short,4,4,1
50,9,short-foil,0,4,0
50,10,single,6,6,1
50,10,single-foil,0,6,0
50,11,baseline-foil,3,4,0.75
50,11,short-foil,1,4,0.25
50,12,baseline,2,4,0.5
50,12,short,2,4,0.5
50,13,baseline,0,4,0
50,13,single,4,4,1
53,1,related-late,2,3,0.667
53,1,related-early,1,3,0.333
53,2,baseline,1,2,0.5
53,2,related,1,2,0.5
53,3,baseline,1,2,0.5
53,3,related,1,2,0.5
53,4,repeated,0,1,0
53,4,related,1,1,1
53,5,repeated,1,1,1
53,5,related,0,1,0
53,6,baseline,0,4,0
53,6,repeated,4,4,1
53,7,baseline,1,1,1
53,7,baseline-foil,0,1,0
53,8,baseline,1,1,1
53,8,baseline-foil,0,1,0
53,9,short,4,4,1
53,9,short-foil,0,4,0
53,10,single,6,6,1
53,10,single-foil,0,6,0
53,11,baseline-foil,2,4,0.5
53,11,short-foil,2,4,0.5
53,12,baseline,2,4,0.5
53,12,short,2,4,0.5
53,13,baseline,2,4,0.5
53,13,single,2,4,0.5
54,1,related-late,3,3,1
54,1,related-early,0,3,0
54,2,baseline,0,2,0
54,2,related,2,2,1
54,3,baseline,0,2,0
54,3,related,2,2,1
54,4,repeated,0,1,0
54,4,related,1,1,1
54,5,repeated,0,1,0
54,5,related,1,1,1
54,6,baseline,2,4,0.5
54,6,repeated,2,4,0.5
54,7,baseline,0,1,0
54,7,baseline-foil,1,1,1
54,8,baseline,1,1,1
54,8,baseline-foil,0,1,0
54,9,short,4,4,1
54,9,short-foil,0,4,0
54,10,single,5,6,0.833
54,10,single-foil,1,6,0.167
54,11,baseline-foil,1,4,0.25
54,11,short-foil,3,4,0.75
54,12,baseline,1,4,0.25
54,12,short,3,4,0.75
54,13,baseline,1,4,0.25
54,13,single,3,4,0.75
56,1,related-late,2,3,0.667
56,1,related-early,1,3,0.333
56,2,baseline,0,2,0
56,2,related,2,2,1
56,3,baseline,1,2,0.5
56,3,related,1,2,0.5
56,4,repeated,0,1,0
56,4,related,1,1,1
56,5,repeated,1,1,1
56,5,related,0,1,0
56,6,baseline,2,4,0.5
56,6,repeated,2,4,0.5
56,7,baseline,0,1,0
56,7,baseline-foil,1,1,1
56,8,baseline,1,1,1
56,8,baseline-foil,0,1,0
56,9,short,2,4,0.5
56,9,short-foil,2,4,0.5
56,10,single,5,6,0.833
56,10,single-foil,1,6,0.167
56,11,baseline-foil,4,4,1
56,11,short-foil,0,4,0
56,12,baseline,1,4,0.25
56,12,short,3,4,0.75
56,13,baseline,3,4,0.75
56,13,single,1,4,0.25
58,1,related-late,2,3,0.667
58,1,related-early,1,3,0.333
58,2,baseline,1,2,0.5
58,2,related,1,2,0.5
58,3,baseline,0,2,0
58,3,related,2,2,1
58,4,repeated,1,1,1
58,4,related,0,1,0
58,5,repeated,1,1,1
58,5,related,0,1,0
58,6,baseline,2,4,0.5
58,6,repeated,2,4,0.5
58,7,baseline,0,1,0
58,7,baseline-foil,1,1,1
58,8,baseline,1,1,1
58,8,baseline-foil,0,1,0
58,9,short,1,4,0.25
58,9,short-foil,3,4,0.75
58,10,single,4,6,0.667
58,10,single-foil,2,6,0.333
58,11,baseline-foil,1,4,0.25
58,11,short-foil,3,4,0.75
58,12,baseline,2,4,0.5
58,12,short,2,4,0.5
58,13,baseline,3,4,0.75
58,13,single,1,4,0.25
59,1,related-late,3,3,1
59,1,related-early,0,3,0
59,2,baseline,0,2,0
59,2,related,2,2,1
59,3,baseline,1,2,0.5
59,3,related,1,2,0.5
59,4,repeated,0,1,0
59,4,related,1,1,1
59,5,repeated,1,1,1
59,5,related,0,1,0
59,6,baseline,1,4,0.25
59,6,repeated,3,4,0.75
59,7,baseline,1,1,1
59,7,baseline-foil,0,1,0
59,8,baseline,0,1,0
59,8,baseline-foil,1,1,1
59,9,short,4,4,1
59,9,short-foil,0,4,0
59,10,single,5,6,0.833
59,10,single-foil,1,6,0.167
59,11,baseline-foil,1,4,0.25
59,11,short-foil,3,4,0.75
59,12,baseline,3,4,0.75
59,12,short,1,4,0.25
59,13,baseline,3,4,0.75
59,13,single,1,4,0.25
61,1,related-late,2,3,0.667
61,1,related-early,1,3,0.333
61,2,baseline,0,2,0
61,2,related,2,2,1
61,3,baseline,2,2,1
61,3,related,0,2,0
61,4,repeated,1,1,1
61,4,related,0,1,0
61,5,repeated,0,1,0
61,5,related,1,1,1
61,6,baseline,2,4,0.5
61,6,repeated,2,4,0.5
61,7,baseline,1,1,1
61,7,baseline-foil,0,1,0
61,8,baseline,1,1,1
61,8,baseline-foil,0,1,0
61,9,short,3,4,0.75
61,9,short-foil,1,4,0.25
61,10,single,6,6,1
61,10,single-foil,0,6,0
61,11,baseline-foil,0,4,0
61,11,short-foil,4,4,1
61,12,baseline,1,4,0.25
61,12,short,3,4,0.75
61,13,baseline,0,4,0
61,13,single,4,4,1
62,1,related-late,1,3,0.333
62,1,related-early,2,3,0.667
62,2,baseline,1,2,0.5
62,2,related,1,2,0.5
62,3,baseline,1,2,0.5
62,3,related,1,2,0.5
62,4,repeated,0,1,0
62,4,related,1,1,1
62,5,repeated,1,1,1
62,5,related,0,1,0
62,6,baseline,2,4,0.5
62,6,repeated,2,4,0.5
62,7,baseline,1,1,1
62,7,baseline-foil,0,1,0
62,8,baseline,0,1,0
62,8,baseline-foil,1,1,1
62,9,short,2,4,0.5
62,9,short-foil,2,4,0.5
62,10,single,5,6,0.833
62,10,single-foil,1,6,0.167
62,11,baseline-foil,2,4,0.5
62,11,short-foil,2,4,0.5
62,12,baseline,2,4,0.5
62,12,short,2,4,0.5
62,13,baseline,1,4,0.25
62,13,single,3,4,0.75
64,1,related-late,1,3,0.333
64,1,related-early,2,3,0.667
64,2,baseline,1,2,0.5
64,2,related,1,2,0.5
64,3,baseline,1,2,0.5
64,3,related,1,2,0.5
64,4,repeated,0,1,0
64,4,related,1,1,1
64,5,repeated,1,1,1
64,5,related,0,1,0
64,6,baseline,1,4,0.25
64,6,repeated,3,4,0.75
64,7,baseline,1,1,1
64,7,baseline-foil,0,1,0
64,8,baseline,1,1,1
64,8,baseline-foil,0,1,0
64,9,short,3,4,0.75
64,9,short-foil,1,4,0.25
64,10,single,3,6,0.5
64,10,single-foil,3,6,0.5
64,11,baseline-foil,2,4,0.5
64,11,short-foil,2,4,0.5
64,12,baseline,3,4,0.75
64,12,short,1,4,0.25
64,13,baseline,1,4,0.25
64,13,single,3,4,0.75
65,1,related-late,1,3,0.333
65,1,related-early,2,3,0.667
65,2,baseline,0,2,0
65,2,related,2,2,1
65,3,baseline,2,2,1
65,3,related,0,2,0
65,4,repeated,1,1,1
65,4,related,0,1,0
65,5,repeated,1,1,1
65,5,related,0,1,0
65,6,baseline,2,4,0.5
65,6,repeated,2,4,0.5
65,7,baseline,1,1,1
65,7,baseline-foil,0,1,0
65,8,baseline,0,1,0
65,8,baseline-foil,1,1,1
65,9,short,3,4,0.75
65,9,short-foil,1,4,0.25
65,10,single,5,6,0.833
65,10,single-foil,1,6,0.167
65,11,baseline-foil,1,4,0.25
65,11,short-foil,3,4,0.75
65,12,baseline,1,4,0.25
65,12,short,3,4,0.75
65,13,baseline,3,4,0.75
65,13,single,1,4,0.25
67,1,related-late,1,3,0.333
67,1,related-early,2,3,0.667
67,2,baseline,1,2,0.5
67,2,related,1,2,0.5
67,3,baseline,1,2,0.5
67,3,related,1,2,0.5
67,4,repeated,1,1,1
67,4,related,0,1,0
67,5,repeated,0,1,0
67,5,related,1,1,1
67,6,baseline,2,4,0.5
67,6,repeated,2,4,0.5
67,7,baseline,0,1,0
67,7,baseline-foil,1,1,1
67,8,baseline,0,1,0
67,8,baseline-foil,1,1,1
67,9,short,4,4,1
67,9,short-foil,0,4,0
67,10,single,3,6,0.5
67,10,single-foil,3,6,0.5
67,11,baseline-foil,1,4,0.25
67,11,short-foil,3,4,0.75
67,12,baseline,0,4,0
67,12,short,4,4,1
67,13,baseline,2,4,0.5
67,13,single,2,4,0.5
68,1,related-late,2,3,0.667
68,1,related-early,1,3,0.333
68,2,baseline,2,2,1
68,2,related,0,2,0
68,3,baseline,0,2,0
68,3,related,2,2,1
68,4,repeated,0,1,0
68,4,related,1,1,1
68,5,repeated,0,1,0
68,5,related,1,1,1
68,6,baseline,3,4,0.75
68,6,repeated,1,4,0.25
68,7,baseline,1,1,1
68,7,baseline-foil,0,1,0
68,8,baseline,0,1,0
68,8,baseline-foil,1,1,1
68,9,short,3,4,0.75
68,9,short-foil,1,4,0.25
68,10,single,2,6,0.333
68,10,single-foil,4,6,0.667
68,11,baseline-foil,2,4,0.5
68,11,short-foil,2,4,0.5
68,12,baseline,3,4,0.75
68,12,short,1,4,0.25
68,13,baseline,4,4,1
68,13,single,0,4,0
69,1,related-late,3,3,1
69,1,related-early,0,3,0
69,2,baseline,0,2,0
69,2,related,2,2,1
69,3,baseline,2,2,1
69,3,related,0,2,0
69,4,repeated,1,1,1
69,4,related,0,1,0
69,5,repeated,1,1,1
69,5,related,0,1,0
69,6,baseline,3,4,0.75
69,6,repeated,1,4,0.25
69,7,baseline,0,1,0
69,7,baseline-foil,1,1,1
69,8,baseline,1,1,1
69,8,baseline-foil,0,1,0
69,9,short,2,4,0.5
69,9,short-foil,2,4,0.5
69,10,single,6,6,1
69,10,single-foil,0,6,0
69,11,baseline-foil,3,4,0.75
69,11,short-foil,1,4,0.25
69,12,baseline,3,4,0.75
69,12,short,1,4,0.25
69,13,baseline,1,4,0.25
69,13,single,3,4,0.75
70,1,related-late,1,3,0.333
70,1,related-early,2,3,0.667
70,2,baseline,1,2,0.5
70,2,related,1,2,0.5
70,3,baseline,1,2,0.5
70,3,related,1,2,0.5
70,4,repeated,0,1,0
70,4,related,1,1,1
70,5,repeated,1,1,1
70,5,related,0,1,0
70,6,baseline,1,4,0.25
70,6,repeated,3,4,0.75
70,7,baseline,1,1,1
70,7,baseline-foil,0,1,0
70,8,baseline,0,1,0
70,8,baseline-foil,1,1,1
70,9,short,2,4,0.5
70,9,short-foil,2,4,0.5
70,10,single,5,6,0.833
70,10,single-foil,1,6,0.167
70,11,baseline-foil,2,4,0.5
70,11,short-foil,2,4,0.5
70,12,baseline,2,4,0.5
70,12,short,2,4,0.5
70,13,baseline,1,4,0.25
70,13,single,3,4,0.75
72,1,related-late,0,3,0
72,1,related-early,3,3,1
72,2,baseline,1,2,0.5
72,2,related,1,2,0.5
72,3,baseline,1,2,0.5
72,3,related,1,2,0.5
72,4,repeated,0,1,0
72,4,related,1,1,1
72,5,repeated,0,1,0
72,5,related,1,1,1
72,6,baseline,3,4,0.75
72,6,repeated,1,4,0.25
72,7,baseline,1,1,1
72,7,baseline-foil,0,1,0
72,8,baseline,1,1,1
72,8,baseline-foil,0,1,0
72,9,short,2,4,0.5
72,9,short-foil,2,4,0.5
72,10,single,4,6,0.667
72,10,single-foil,2,6,0.333
72,11,baseline-foil,1,4,0.25
72,11,short-foil,3,4,0.75
72,12,baseline,2,4,0.5
72,12,short,2,4,0.5
72,13,baseline,2,4,0.5
72,13,single,2,4,0.5
73,1,related-late,2,3,0.667
73,1,related-early,1,3,0.333
73,2,baseline,1,2,0.5
73,2,related,1,2,0.5
73,3,baseline,0,2,0
73,3,related,2,2,1
73,4,repeated,1,1,1
73,4,related,0,1,0
73,5,repeated,0,1,0
73,5,related,1,1,1
73,6,baseline,1,4,0.25
73,6,repeated,3,4,0.75
73,7,baseline,1,1,1
73,7,baseline-foil,0,1,0
73,8,baseline,1,1,1
73,8,baseline-foil,0,1,0
73,9,short,4,4,1
73,9,short-foil,0,4,0
73,10,single,5,6,0.833
73,10,single-foil,1,6,0.167
73,11,baseline-foil,3,4,0.75
73,11,short-foil,1,4,0.25
73,12,baseline,1,4,0.25
73,12,short,3,4,0.75
73,13,baseline,0,4,0
73,13,single,4,4,1
75,1,related-late,2,3,0.667
75,1,related-early,1,3,0.333
75,2,baseline,0,2,0
75,2,related,2,2,1
75,3,baseline,1,2,0.5
75,3,related,1,2,0.5
75,4,repeated,1,1,1
75,4,related,0,1,0
75,5,repeated,1,1,1
75,5,related,0,1,0
75,6,baseline,2,4,0.5
75,6,repeated,2,4,0.5
75,7,baseline,1,1,1
75,7,baseline-foil,0,1,0
75,8,baseline,0,1,0
75,8,baseline-foil,1,1,1
75,9,short,2,4,0.5
75,9,short-foil,2,4,0.5
75,10,single,5,6,0.833
75,10,single-foil,1,6,0.167
75,11,baseline-foil,2,4,0.5
75,11,short-foil,2,4,0.5
75,12,baseline,4,4,1
75,12,short,0,4,0
75,13,baseline,3,4,0.75
75,13,single,1,4,0.25
76,1,related-late,1,3,0.333
76,1,related-early,2,3,0.667
76,2,baseline,1,2,0.5
76,2,related,1,2,0.5
76,3,baseline,2,2,1
76,3,related,0,2,0
76,4,repeated,1,1,1
76,4,related,0,1,0
76,5,repeated,1,1,1
76,5,related,0,1,0
76,6,baseline,3,4,0.75
76,6,repeated,1,4,0.25
76,7,baseline,1,1,1
76,7,baseline-foil,0,1,0
76,8,baseline,1,1,1
76,8,baseline-foil,0,1,0
76,9,short,3,4,0.75
76,9,short-foil,1,4,0.25
76,10,single,2,6,0.333
76,10,single-foil,4,6,0.667
76,11,baseline-foil,3,4,0.75
76,11,short-foil,1,4,0.25
76,12,baseline,1,4,0.25
76,12,short,3,4,0.75
76,13,baseline,2,4,0.5
76,13,single,2,4,0.5
78,1,related-late,1,3,0.333
78,1,related-early,2,3,0.667
78,2,baseline,0,2,0
78,2,related,2,2,1
78,3,baseline,1,2,0.5
78,3,related,1,2,0.5
78,4,repeated,1,1,1
78,4,related,0,1,0
78,5,repeated,1,1,1
78,5,related,0,1,0
78,6,baseline,1,4,0.25
78,6,repeated,3,4,0.75
78,7,baseline,0,1,0
78,7,baseline-foil,1,1,1
78,8,baseline,1,1,1
78,8,baseline-foil,0,1,0
78,9,short,2,4,0.5
78,9,short-foil,2,4,0.5
78,10,single,4,6,0.667
78,10,single-foil,2,6,0.333
78,11,baseline-foil,2,4,0.5
78,11,short-foil,2,4,0.5
78,12,baseline,0,4,0
78,12,short,4,4,1
78,13,baseline,3,4,0.75
78,13,single,1,4,0.25
80,1,related-late,1,3,0.333
80,1,related-early,2,3,0.667
80,2,baseline,1,2,0.5
80,2,related,1,2,0.5
80,3,baseline,1,2,0.5
80,3,related,1,2,0.5
80,4,repeated,0,1,0
80,4,related,1,1,1
80,5,repeated,1,1,1
80,5,related,0,1,0
80,6,baseline,1,4,0.25
80,6,repeated,3,4,0.75
80,7,baseline,1,1,1
80,7,baseline-foil,0,1,0
80,8,baseline,1,1,1
80,8,baseline-foil,0,1,0
80,9,short,3,4,0.75
80,9,short-foil,1,4,0.25
80,10,single,5,6,0.833
80,10,single-foil,1,6,0.167
80,11,baseline-foil,2,4,0.5
80,11,short-foil,2,4,0.5
80,12,baseline,0,4,0
80,12,short,4,4,1
80,13,baseline,0,4,0
80,13,single,4,4,1
81,1,related-late,1,3,0.333
81,1,related-early,2,3,0.667
81,2,baseline,0,2,0
81,2,related,2,2,1
81,3,baseline,1,2,0.5
81,3,related,1,2,0.5
81,4,repeated,0,1,0
81,4,related,1,1,1
81,5,repeated,0,1,0
81,5,related,1,1,1
81,6,baseline,2,4,0.5
81,6,repeated,2,4,0.5
81,7,baseline,1,1,1
81,7,baseline-foil,0,1,0
81,8,baseline,1,1,1
81,8,baseline-foil,0,1,0
81,9,short,3,4,0.75
81,9,short-foil,1,4,0.25
81,10,single,5,6,0.833
81,10,single-foil,1,6,0.167
81,11,baseline-foil,4,4,1
81,11,short-foil,0,4,0
81,12,baseline,3,4,0.75
81,12,short,1,4,0.25
81,13,baseline,1,4,0.25
81,13,single,3,4,0.75
82,1,related-late,0,3,0
82,1,related-early,3,3,1
82,2,baseline,1,2,0.5
82,2,related,1,2,0.5
82,3,baseline,1,2,0.5
82,3,related,1,2,0.5
82,4,repeated,1,1,1
82,4,related,0,1,0
82,5,repeated,1,1,1
82,5,related,0,1,0
82,6,baseline,1,4,0.25
82,6,repeated,3,4,0.75
82,7,baseline,1,1,1
82,7,baseline-foil,0,1,0
82,8,baseline,1,1,1
82,8,baseline-foil,0,1,0
82,9,short,1,4,0.25
82,9,short-foil,3,4,0.75
82,10,single,4,6,0.667
82,10,single-foil,2,6,0.333
82,11,baseline-foil,3,4,0.75
82,11,short-foil,1,4,0.25
82,12,baseline,3,4,0.75
82,12,short,1,4,0.25
82,13,baseline,4,4,1
82,13,single,0,4,0
83,1,related-late,2,3,0.667
83,1,related-early,1,3,0.333
83,2,baseline,0,2,0
83,2,related,2,2,1
83,3,baseline,0,2,0
83,3,related,2,2,1
83,4,repeated,1,1,1
83,4,related,0,1,0
83,5,repeated,1,1,1
83,5,related,0,1,0
83,6,baseline,2,4,0.5
83,6,repeated,2,4,0.5
83,7,baseline,1,1,1
83,7,baseline-foil,0,1,0
83,8,baseline,1,1,1
83,8,baseline-foil,0,1,0
83,9,short,2,4,0.5
83,9,short-foil,2,4,0.5
83,10,single,6,6,1
83,10,single-foil,0,6,0
83,11,baseline-foil,2,4,0.5
83,11,short-foil,2,4,0.5
83,12,baseline,0,4,0
83,12,short,4,4,1
83,13,baseline,1,4,0.25
83,13,single,3,4,0.75
84,1,related-late,1,3,0.333
84,1,related-early,2,3,0.667
84,2,baseline,1,2,0.5
84,2,related,1,2,0.5
84,3,baseline,2,2,1
84,3,related,0,2,0
84,4,repeated,0,1,0
84,4,related,1,1,1
84,5,repeated,1,1,1
84,5,related,0,1,0
84,6,baseline,2,4,0.5
84,6,repeated,2,4,0.5
84,7,baseline,0,1,0
84,7,baseline-foil,1,1,1
84,8,baseline,0,1,0
84,8,baseline-foil,1,1,1
84,9,short,4,4,1
84,9,short-foil,0,4,0
84,10,single,3,6,0.5
84,10,single-foil,3,6,0.5
84,11,baseline-foil,2,4,0.5
84,11,short-foil,2,4,0.5
84,12,baseline,2,4,0.5
84,12,short,2,4,0.5
84,13,baseline,3,4,0.75
84,13,single,1,4,0.25
86,1,related-late,2,3,0.667
86,1,related-early,1,3,0.333
86,2,baseline,0,2,0
86,2,related,2,2,1
86,3,baseline,1,2,0.5
86,3,related,1,2,0.5
86,4,repeated,1,1,1
86,4,related,0,1,0
86,5,repeated,1,1,1
86,5,related,0,1,0
86,6,baseline,2,4,0.5
86,6,repeated,2,4,0.5
86,7,baseline,1,1,1
86,7,baseline-foil,0,1,0
86,8,baseline,1,1,1
86,8,baseline-foil,0,1,0
86,9,short,2,4,0.5
86,9,short-foil,2,4,0.5
86,10,single,5,6,0.833
86,10,single-foil,1,6,0.167
86,11,baseline-foil,2,4,0.5
86,11,short-foil,2,4,0.5
86,12,baseline,2,4,0.5
86,12,short,2,4,0.5
86,13,baseline,0,4,0
86,13,single,4,4,1
87,1,related-late,1,3,0.333
87,1,related-early,2,3,0.667
87,2,baseline,0,2,0
87,2,related,2,2,1
87,3,baseline,0,2,0
87,3,related,2,2,1
87,4,repeated,0,1,0
87,4,related,1,1,1
87,5,repeated,0,1,0
87,5,related,1,1,1
87,6,baseline,2,4,0.5
87,6,repeated,2,4,0.5
87,7,baseline,1,1,1
87,7,baseline-foil,0,1,0
87,8,baseline,0,1,0
87,8,baseline-foil,1,1,1
87,9,short,3,4,0.75
87,9,short-foil,1,4,0.25
87,10,single,4,6,0.667
87,10,single-foil,2,6,0.333
87,11,baseline-foil,3,4,0.75
87,11,short-foil,1,4,0.25
87,12,baseline,2,4,0.5
87,12,short,2,4,0.5
87,13,baseline,2,4,0.5
87,13,single,2,4,0.5
89,1,related-late,1,3,0.333
89,1,related-early,2,3,0.667
89,2,baseline,0,2,0
89,2,related,2,2,1
89,3,baseline,1,2,0.5
89,3,related,1,2,0.5
89,4,repeated,1,1,1
89,4,related,0,1,0
89,5,repeated,1,1,1
89,5,related,0,1,0
89,6,baseline,1,4,0.25
89,6,repeated,3,4,0.75
89,7,baseline,1,1,1
89,7,baseline-foil,0,1,0
89,8,baseline,0,1,0
89,8,baseline-foil,1,1,1
89,9,short,2,4,0.5
89,9,short-foil,2,4,0.5
89,10,single,4,6,0.667
89,10,single-foil,2,6,0.333
89,11,baseline-foil,3,4,0.75
89,11,short-foil,1,4,0.25
89,12,baseline,3,4,0.75
89,12,short,1,4,0.25
89,13,baseline,2,4,0.5
89,13,single,2,4,0.5
90,1,related-late,2,3,0.667
90,1,related-early,1,3,0.333
90,2,baseline,0,2,0
90,2,related,2,2,1
90,3,baseline,1,2,0.5
90,3,related,1,2,0.5
90,4,repeated,1,1,1
90,4,related,0,1,0
90,5,repeated,0,1,0
90,5,related,1,1,1
90,6,baseline,2,4,0.5
90,6,repeated,2,4,0.5
90,7,baseline,1,1,1
90,7,baseline-foil,0,1,0
90,8,baseline,1,1,1
90,8,baseline-foil,0,1,0
90,9,short,4,4,1
90,9,short-foil,0,4,0
90,10,single,6,6,1
90,10,single-foil,0,6,0
90,11,baseline-foil,2,4,0.5
90,11,short-foil,2,4,0.5
90,12,baseline,1,4,0.25
90,12,short,3,4,0.75
90,13,baseline,0,4,0
90,13,single,4,4,1
93,1,related-late,2,3,0.667
93,1,related-early,1,3,0.333
93,2,baseline,0,2,0
93,2,related,2,2,1
93,3,baseline,0,2,0
93,3,related,2,2,1
93,4,repeated,0,1,0
93,4,related,1,1,1
93,5,repeated,0,1,0
93,5,related,1,1,1
93,6,baseline,1,4,0.25
93,6,repeated,3,4,0.75
93,7,baseline,1,1,1
93,7,baseline-foil,0,1,0
93,8,baseline,0,1,0
93,8,baseline-foil,1,1,1
93,9,short,2,4,0.5
93,9,short-foil,2,4,0.5
93,10,single,6,6,1
93,10,single-foil,0,6,0
93,11,baseline-foil,4,4,1
93,11,short-foil,0,4,0
93,12,baseline,1,4,0.25
93,12,short,3,4,0.75
93,13,baseline,3,4,0.75
93,13,single,1,4,0.25
97,1,related-late,1,3,0.333
97,1,related-early,2,3,0.667
97,2,baseline,1,2,0.5
97,2,related,1,2,0.5
97,3,baseline,1,2,0.5
97,3,related,1,2,0.5
97,4,repeated,1,1,1
97,4,related,0,1,0
97,5,repeated,1,1,1
97,5,related,0,1,0
97,6,baseline,3,4,0.75
97,6,repeated,1,4,0.25
97,7,baseline,1,1,1
97,7,baseline-foil,0,1,0
97,8,baseline,0,1,0
97,8,baseline-foil,1,1,1
97,9,short,1,4,0.25
97,9,short-foil,3,4,0.75
97,10,single,5,6,0.833
97,10,single-foil,1,6,0.167
97,11,baseline-foil,4,4,1
97,11,short-foil,0,4,0
97,12,baseline,4,4,1
97,12,short,0,4,0
97,13,baseline,3,4,0.75
97,13,single,1,4,0.25
98,1,related-late,2,3,0.667
98,1,related-early,1,3,0.333
98,2,baseline,2,2,1
98,2,related,0,2,0
98,3,baseline,2,2,1
98,3,related,0,2,0
98,4,repeated,1,1,1
98,4,related,0,1,0
98,5,repeated,1,1,1
98,5,related,0,1,0
98,6,baseline,1,4,0.25
98,6,repeated,3,4,0.75
98,7,baseline,1,1,1
98,7,baseline-foil,0,1,0
98,8,baseline,1,1,1
98,8,baseline-foil,0,1,0
98,9,short,3,4,0.75
98,9,short-foil,1,4,0.25
98,10,single,5,6,0.833
98,10,single-foil,1,6,0.167
98,11,baseline-foil,1,4,0.25
98,11,short-foil,3,4,0.75
98,12,baseline,4,4,1
98,12,short,0,4,0
98,13,baseline,0,4,0
98,13,single,4,4,1
99,1,related-late,2,3,0.667
99,1,related-early,1,3,0.333
99,2,baseline,2,2,1
99,2,related,0,2,0
99,3,baseline,2,2,1
99,3,related,0,2,0
99,4,repeated,0,1,0
99,4,related,1,1,1
99,5,repeated,1,1,1
99,5,related,0,1,0
99,6,baseline,1,4,0.25
99,6,repeated,3,4,0.75
99,7,baseline,1,1,1
99,7,baseline-foil,0,1,0
99,8,baseline,1,1,1
99,8,baseline-foil,0,1,0
99,9,short,2,4,0.5
99,9,short-foil,2,4,0.5
99,10,single,5,6,0.833
99,10,single-foil,1,6,0.167
99,11,baseline-foil,1,4,0.25
99,11,short-foil,3,4,0.75
99,12,baseline,3,4,0.75
99,12,short,1,4,0.25
99,13,baseline,3,4,0.75
99,13,single,1,4,0.25
100,1,related-late,2,3,0.667
100,1,related-early,1,3,0.333
100,2,baseline,0,2,0
100,2,related,2,2,1
100,3,baseline,2,2,1
100,3,related,0,2,0
100,4,repeated,1,1,1
100,4,related,0,1,0
100,5,repeated,0,1,0
100,5,related,1,1,1
100,6,baseline,3,4,0.75
100,6,repeated,1,4,0.25
100,7,baseline,1,1,1
100,7,baseline-foil,0,1,0
100,8,baseline,1,1,1
100,8,baseline-foil,0,1,0
100,9,short,3,4,0.75
100,9,short-foil,1,4,0.25
100,10,single,5,6,0.833
100,10,single-foil,1,6,0.167
100,11,baseline-foil,1,4,0.25
100,11,short-foil,3,4,0.75
100,12,baseline,2,4,0.5
100,12,short,2,4,0.5
100,13,baseline,1,4,0.25
100,13,single,3,4,0.75
101,1,related-late,2,3,0.667
101,1,related-early,1,3,0.333
101,2,baseline,0,2,0
101,2,related,2,2,1
101,3,baseline,1,2,0.5
101,3,related,1,2,0.5
101,4,repeated,1,1,1
101,4,related,0,1,0
101,5,repeated,0,1,0
101,5,related,1,1,1
101,6,baseline,2,4,0.5
101,6,repeated,2,4,0.5
101,7,baseline,1,1,1
101,7,baseline-foil,0,1,0
101,8,baseline,1,1,1
101,8,baseline-foil,0,1,0
101,9,short,4,4,1
101,9,short-foil,0,4,0
101,10,single,6,6,1
101,10,single-foil,0,6,0
101,11,baseline-foil,2,4,0.5
101,11,short-foil,2,4,0.5
101,12,baseline,1,4,0.25
101,12,short,3,4,0.75
101,13,baseline,1,4,0.25
101,13,single,3,4,0.75
103,1,related-late,2,3,0.667
103,1,related-early,1,3,0.333
103,2,baseline,0,2,0
103,2,related,2,2,1
103,3,baseline,1,2,0.5
103,3,related,1,2,0.5
103,4,repeated,1,1,1
103,4,related,0,1,0
103,5,repeated,0,1,0
103,5,related,1,1,1
103,6,baseline,1,4,0.25
103,6,repeated,3,4,0.75
103,7,baseline,1,1,1
103,7,baseline-foil,0,1,0
103,8,baseline,1,1,1
103,8,baseline-foil,0,1,0
103,9,short,4,4,1
103,9,short-foil,0,4,0
103,10,single,4,6,0.667
103,10,single-foil,2,6,0.333
103,11,baseline-foil,2,4,0.5
103,11,short-foil,2,4,0.5
103,12,baseline,3,4,0.75
103,12,short,1,4,0.25
103,13,baseline,2,4,0.5
103,13,single,2,4,0.5
106,1,related-late,1,3,0.333
106,1,related-early,2,3,0.667
106,2,baseline,1,2,0.5
106,2,related,1,2,0.5
106,3,baseline,1,2,0.5
106,3,related,1,2,0.5
106,4,repeated,0,1,0
106,4,related,1,1,1
106,5,repeated,1,1,1
106,5,related,0,1,0
106,6,baseline,2,4,0.5
106,6,repeated,2,4,0.5
106,7,baseline,0,1,0
106,7,baseline-foil,1,1,1
106,8,baseline,0,1,0
106,8,baseline-foil,1,1,1
106,9,short,3,4,0.75
106,9,short-foil,1,4,0.25
106,10,single,2,6,0.333
106,10,single-foil,4,6,0.667
106,11,baseline-foil,1,4,0.25
106,11,short-foil,3,4,0.75
106,12,baseline,4,4,1
106,12,short,0,4,0
106,13,baseline,3,4,0.75
106,13,single,1,4,0.25
108,1,related-late,1,3,0.333
108,1,related-early,2,3,0.667
108,2,baseline,1,2,0.5
108,2,related,1,2,0.5
108,3,baseline,2,2,1
108,3,related,0,2,0
108,4,repeated,0,1,0
108,4,related,1,1,1
108,5,repeated,1,1,1
108,5,related,0,1,0
108,6,baseline,2,4,0.5
108,6,repeated,2,4,0.5
108,7,baseline,1,1,1
108,7,baseline-foil,0,1,0
108,8,baseline,1,1,1
108,8,baseline-foil,0,1,0
108,9,short,2,4,0.5
108,9,short-foil,2,4,0.5
108,10,single,6,6,1
108,10,single-foil,0,6,0
108,11,baseline-foil,1,4,0.25
108,11,short-foil,3,4,0.75
108,12,baseline,1,4,0.25
108,12,short,3,4,0.75
108,13,baseline,3,4,0.75
108,13,single,1,4,0.25
300,1,related-late,0,3,0
300,1,related-early,3,3,1
300,2,baseline,0,2,0
300,2,related,2,2,1
300,3,baseline,1,2,0.5
300,3,related,1,2,0.5
300,4,repeated,0,1,0
300,4,related,1,1,1
300,5,repeated,1,1,1
300,5,related,0,1,0
300,6,baseline,2,4,0.5
300,6,repeated,2,4,0.5
300,7,baseline,1,1,1
300,7,baseline-foil,0,1,0
300,8,baseline,0,1,0
300,8,baseline-foil,1,1,1
300,9,short,3,4,0.75
300,9,short-foil,1,4,0.25
300,10,single,5,6,0.833
300,10,single-foil,1,6,0.167
300,11,baseline-foil,3,4,0.75
300,11,short-foil,1,4,0.25
300,12,baseline,2,4,0.5
300,12,short,2,4,0.5
300,13,baseline,1,4,0.25
300,13,single,3,4,0.75
301,1,related-late,1,3,0.333
301,1,related-early,2,3,0.667
301,2,baseline,0,2,0
301,2,related,2,2,1
301,3,baseline,2,2,1
301,3,related,0,2,0
301,4,repeated,0,1,0
301,4,related,1,1,1
301,5,repeated,1,1,1
301,5,related,0,1,0
301,6,baseline,2,4,0.5
301,6,repeated,2,4,0.5
301,7,baseline,0,1,0
301,7,baseline-foil,1,1,1
301,8,baseline,1,1,1
301,8,baseline-foil,0,1,0
301,9,short,3,4,0.75
301,9,short-foil,1,4,0.25
301,10,single,4,6,0.667
301,10,single-foil,2,6,0.333
301,11,baseline-foil,0,4,0
301,11,short-foil,4,4,1
301,12,baseline,3,4,0.75
301,12,short,1,4,0.25
301,13,baseline,3,4,0.75
301,13,single,1,4,0.25
302,1,related-late,2,3,0.667
302,1,related-early,1,3,0.333
302,2,baseline,1,2,0.5
302,2,related,1,2,0.5
302,3,baseline,0,2,0
302,3,related,2,2,1
302,4,repeated,1,1,1
302,4,related,0,1,0
302,5,repeated,1,1,1
302,5,related,0,1,0
302,6,baseline,0,4,0
302,6,repeated,4,4,1
302,7,baseline,1,1,1
302,7,baseline-foil,0,1,0
302,8,baseline,0,1,0
302,8,baseline-foil,1,1,1
302,9,short,3,4,0.75
302,9,short-foil,1,4,0.25
302,10,single,3,6,0.5
302,10,single-foil,3,6,0.5
302,11,baseline-foil,0,4,0
302,11,short-foil,4,4,1
302,12,baseline,0,4,0
302,12,short,4,4,1
302,13,baseline,2,4,0.5
302,13,single,2,4,0.5
304,1,related-late,2,3,0.667
304,1,related-early,1,3,0.333
304,2,baseline,1,2,0.5
304,2,related,1,2,0.5
304,3,baseline,0,2,0
304,3,related,2,2,1
304,4,repeated,1,1,1
304,4,related,0,1,0
304,5,repeated,0,1,0
304,5,related,1,1,1
304,6,baseline,0,4,0
304,6,repeated,4,4,1
304,7,baseline,1,1,1
304,7,baseline-foil,0,1,0
304,8,baseline,0,1,0
304,8,baseline-foil,1,1,1
304,9,short,2,4,0.5
304,9,short-foil,2,4,0.5
304,10,single,6,6,1
304,10,single-foil,0,6,0
304,11,baseline-foil,2,4,0.5
304,11,short-foil,2,4,0.5
304,12,baseline,2,4,0.5
304,12,short,2,4,0.5
304,13,baseline,2,4,0.5
304,13,single,2,4,0.5
306,1,related-late,2,3,0.667
306,1,related-early,1,3,0.333
306,2,baseline,0,2,0
306,2,related,2,2,1
306,3,baseline,1,2,0.5
306,3,related,1,2,0.5
306,4,repeated,1,1,1
306,4,related,0,1,0
306,5,repeated,0,1,0
306,5,related,1,1,1
306,6,baseline,1,4,0.25
306,6,repeated,3,4,0.75
306,7,baseline,1,1,1
306,7,baseline-foil,0,1,0
306,8,baseline,0,1,0
306,8,baseline-foil,1,1,1
306,9,short,2,4,0.5
306,9,short-foil,2,4,0.5
306,10,single,6,6,1
306,10,single-foil,0,6,0
306,11,baseline-foil,1,4,0.25
306,11,short-foil,3,4,0.75
306,12,baseline,2,4,0.5
306,12,short,2,4,0.5
306,13,baseline,1,4,0.25
306,13,single,3,4,0.75
308,1,related-late,3,3,1
308,1,related-early,0,3,0
308,2,baseline,1,2,0.5
308,2,related,1,2,0.5
308,3,baseline,1,2,0.5
308,3,related,1,2,0.5
308,4,repeated,0,1,0
308,4,related,1,1,1
308,5,repeated,0,1,0
308,5,related,1,1,1
308,6,baseline,1,4,0.25
308,6,repeated,3,4,0.75
308,7,baseline,1,1,1
308,7,baseline-foil,0,1,0
308,8,baseline,0,1,0
308,8,baseline-foil,1,1,1
308,9,short,1,4,0.25
308,9,short-foil,3,4,0.75
308,10,single,6,6,1
308,10,single-foil,0,6,0
308,11,baseline-foil,1,4,0.25
308,11,short-foil,3,4,0.75
308,12,baseline,1,4,0.25
308,12,short,3,4,0.75
308,13,baseline,2,4,0.5
308,13,single,2,4,0.5
309,1,related-late,1,3,0.333
309,1,related-early,2,3,0.667
309,2,baseline,0,2,0
309,2,related,2,2,1
309,3,baseline,1,2,0.5
309,3,related,1,2,0.5
309,4,repeated,1,1,1
309,4,related,0,1,0
309,5,repeated,0,1,0
309,5,related,1,1,1
309,6,baseline,2,4,0.5
309,6,repeated,2,4,0.5
309,7,baseline,1,1,1
309,7,baseline-foil,0,1,0
309,8,baseline,1,1,1
309,8,baseline-foil,0,1,0
309,9,short,4,4,1
309,9,short-foil,0,4,0
309,10,single,6,6,1
309,10,single-foil,0,6,0
309,11,baseline-foil,4,4,1
309,11,short-foil,0,4,0
309,12,baseline,4,4,1
309,12,short,0,4,0
309,13,baseline,3,4,0.75
309,13,single,1,4,0.25
310,1,related-late,3,3,1
310,1,related-early,0,3,0
310,2,baseline,2,2,1
310,2,related,0,2,0
310,3,baseline,0,2,0
310,3,related,2,2,1
310,4,repeated,1,1,1
310,4,related,0,1,0
310,5,repeated,1,1,1
310,5,related,0,1,0
310,6,baseline,2,4,0.5
310,6,repeated,2,4,0.5
310,7,baseline,1,1,1
310,7,baseline-foil,0,1,0
310,8,baseline,1,1,1
310,8,baseline-foil,0,1,0
310,9,short,4,4,1
310,9,short-foil,0,4,0
310,10,single,5,6,0.833
310,10,single-foil,1,6,0.167
310,11,baseline-foil,0,4,0
310,11,short-foil,4,4,1
310,12,baseline,3,4,0.75
310,12,short,1,4,0.25
310,13,baseline,2,4,0.5
310,13,single,2,4,0.5
313,1,related-late,2,3,0.667
313,1,related-early,1,3,0.333
313,2,baseline,2,2,1
313,2,related,0,2,0
313,3,baseline,1,2,0.5
313,3,related,1,2,0.5
313,4,repeated,0,1,0
313,4,related,1,1,1
313,5,repeated,0,1,0
313,5,related,1,1,1
313,6,baseline,1,4,0.25
313,6,repeated,3,4,0.75
313,7,baseline,1,1,1
313,7,baseline-foil,0,1,0
313,8,baseline,1,1,1
313,8,baseline-foil,0,1,0
313,9,short,3,4,0.75
313,9,short-foil,1,4,0.25
313,10,single,6,6,1
313,10,single-foil,0,6,0
313,11,baseline-foil,1,4,0.25
313,11,short-foil,3,4,0.75
313,12,baseline,2,4,0.5
313,12,short,2,4,0.5
313,13,baseline,2,4,0.5
313,13,single,2,4,0.5
314,1,related-late,2,3,0.667
314,1,related-early,1,3,0.333
314,2,baseline,1,2,0.5
314,2,related,1,2,0.5
314,3,baseline,0,2,0
314,3,related,2,2,1
314,4,repeated,0,1,0
314,4,related,1,1,1
314,5,repeated,1,1,1
314,5,related,0,1,0
314,6,baseline,1,4,0.25
314,6,repeated,3,4,0.75
314,7,baseline,1,1,1
314,7,baseline-foil,0,1,0
314,8,baseline,1,1,1
314,8,baseline-foil,0,1,0
314,9,short,4,4,1
314,9,short-foil,0,4,0
314,10,single,6,6,1
314,10,single-foil,0,6,0
314,11,baseline-foil,3,4,0.75
314,11,short-foil,1,4,0.25
314,12,baseline,2,4,0.5
314,12,short,2,4,0.5
314,13,baseline,1,4,0.25
314,13,single,3,4,0.75
316,1,related-late,1,3,0.333
316,1,related-early,2,3,0.667
316,2,baseline,0,2,0
316,2,related,2,2,1
316,3,baseline,2,2,1
316,3,related,0,2,0
316,4,repeated,1,1,1
316,4,related,0,1,0
316,5,repeated,1,1,1
316,5,related,0,1,0
316,6,baseline,0,4,0
316,6,repeated,4,4,1
316,7,baseline,0,1,0
316,7,baseline-foil,1,1,1
316,8,baseline,1,1,1
316,8,baseline-foil,0,1,0
316,9,short,3,4,0.75
316,9,short-foil,1,4,0.25
316,10,single,4,6,0.667
316,10,single-foil,2,6,0.333
316,11,baseline-foil,2,4,0.5
316,11,short-foil,2,4,0.5
316,12,baseline,1,4,0.25
316,12,short,3,4,0.75
316,13,baseline,2,4,0.5
316,13,single,2,4,0.5
317,1,related-late,1,3,0.333
317,1,related-early,2,3,0.667
317,2,baseline,0,2,0
317,2,related,2,2,1
317,3,baseline,1,2,0.5
317,3,related,1,2,0.5
317,4,repeated,1,1,1
317,4,related,0,1,0
317,5,repeated,1,1,1
317,5,related,0,1,0
317,6,baseline,1,4,0.25
317,6,repeated,3,4,0.75
317,7,baseline,1,1,1
317,7,baseline-foil,0,1,0
317,8,baseline,1,1,1
317,8,baseline-foil,0,1,0
317,9,short,4,4,1
317,9,short-foil,0,4,0
317,10,single,6,6,1
317,10,single-foil,0,6,0
317,11,baseline-foil,4,4,1
317,11,short-foil,0,4,0
317,12,baseline,3,4,0.75
317,12,short,1,4,0.25
317,13,baseline,0,4,0
317,13,single,4,4,1
318,1,related-late,1,3,0.333
318,1,related-early,2,3,0.667
318,2,baseline,1,2,0.5
318,2,related,1,2,0.5
318,3,baseline,1,2,0.5
318,3,related,1,2,0.5
318,4,repeated,0,1,0
318,4,related,1,1,1
318,5,repeated,1,1,1
318,5,related,0,1,0
318,6,baseline,2,4,0.5
318,6,repeated,2,4,0.5
318,7,baseline,1,1,1
318,7,baseline-foil,0,1,0
318,8,baseline,0,1,0
318,8,baseline-foil,1,1,1
318,9,short,2,4,0.5
318,9,short-foil,2,4,0.5
318,10,single,3,6,0.5
318,10,single-foil,3,6,0.5
318,11,baseline-foil,3,4,0.75
318,11,short-foil,1,4,0.25
318,12,baseline,1,4,0.25
318,12,short,3,4,0.75
318,13,baseline,1,4,0.25
318,13,single,3,4,0.75
323,1,related-late,1,3,0.333
323,1,related-early,2,3,0.667
323,2,baseline,1,2,0.5
323,2,related,1,2,0.5
323,3,baseline,1,2,0.5
323,3,related,1,2,0.5
323,4,repeated,1,1,1
323,4,related,0,1,0
323,5,repeated,1,1,1
323,5,related,0,1,0
323,6,baseline,0,4,0
323,6,repeated,4,4,1
323,7,baseline,0,1,0
323,7,baseline-foil,1,1,1
323,8,baseline,1,1,1
323,8,baseline-foil,0,1,0
323,9,short,4,4,1
323,9,short-foil,0,4,0
323,10,single,6,6,1
323,10,single-foil,0,6,0
323,11,baseline-foil,2,4,0.5
323,11,short-foil,2,4,0.5
323,12,baseline,2,4,0.5
323,12,short,2,4,0.5
323,13,baseline,1,4,0.25
323,13,single,3,4,0.75
324,1,related-late,1,3,0.333
324,1,related-early,2,3,0.667
324,2,baseline,1,2,0.5
324,2,related,1,2,0.5
324,3,baseline,1,2,0.5
324,3,related,1,2,0.5
324,4,repeated,1,1,1
324,4,related,0,1,0
324,5,repeated,1,1,1
324,5,related,0,1,0
324,6,baseline,0,4,0
324,6,repeated,4,4,1
324,7,baseline,1,1,1
324,7,baseline-foil,0,1,0
324,8,baseline,1,1,1
324,8,baseline-foil,0,1,0
324,9,short,4,4,1
324,9,short-foil,0,4,0
324,10,single,6,6,1
324,10,single-foil,0,6,0
324,11,baseline-foil,4,4,1
324,11,short-foil,0,4,0
324,12,baseline,2,4,0.5
324,12,short,2,4,0.5
324,13,baseline,2,4,0.5
324,13,single,2,4,0.5
326,1,related-late,0,3,0
326,1,related-early,3,3,1
326,2,baseline,2,2,1
326,2,related,0,2,0
326,3,baseline,0,2,0
326,3,related,2,2,1
326,4,repeated,1,1,1
326,4,related,0,1,0
326,5,repeated,1,1,1
326,5,related,0,1,0
326,6,baseline,3,4,0.75
326,6,repeated,1,4,0.25
326,7,baseline,1,1,1
326,7,baseline-foil,0,1,0
326,8,baseline,1,1,1
326,8,baseline-foil,0,1,0
326,9,short,4,4,1
326,9,short-foil,0,4,0
326,10,single,5,6,0.833
326,10,single-foil,1,6,0.167
326,11,baseline-foil,1,4,0.25
326,11,short-foil,3,4,0.75
326,12,baseline,3,4,0.75
326,12,short,1,4,0.25
326,13,baseline,1,4,0.25
326,13,single,3,4,0.75
341,1,related-late,1,3,0.333
341,1,related-early,2,3,0.667
341,2,baseline,1,2,0.5
341,2,related,1,2,0.5
341,3,baseline,0,2,0
341,3,related,2,2,1
341,4,repeated,1,1,1
341,4,related,0,1,0
341,5,repeated,1,1,1
341,5,related,0,1,0
341,6,baseline,1,4,0.25
341,6,repeated,3,4,0.75
341,7,baseline,0,1,0
341,7,baseline-foil,1,1,1
341,8,baseline,1,1,1
341,8,baseline-foil,0,1,0
341,9,short,2,4,0.5
341,9,short-foil,2,4,0.5
341,10,single,4,6,0.667
341,10,single-foil,2,6,0.333
341,11,baseline-foil,4,4,1
341,11,short-foil,0,4,0
341,12,baseline,1,4,0.25
341,12,short,3,4,0.75
341,13,baseline,1,4,0.25
341,13,single,3,4,0.75
343,1,related-late,2,3,0.667
343,1,related-early,1,3,0.333
343,2,baseline,1,2,0.5
343,2,related,1,2,0.5
343,3,baseline,0,2,0
343,3,related,2,2,1
343,4,repeated,0,1,0
343,4,related,1,1,1
343,5,repeated,1,1,1
343,5,related,0,1,0
343,6,baseline,1,4,0.25
343,6,repeated,3,4,0.75
343,7,baseline,1,1,1
343,7,baseline-foil,0,1,0
343,8,baseline,1,1,1
343,8,baseline-foil,0,1,0
343,9,short,3,4,0.75
343,9,short-foil,1,4,0.25
343,10,single,6,6,1
343,10,single-foil,0,6,0
343,11,baseline-foil,1,4,0.25
343,11,short-foil,3,4,0.75
343,12,baseline,0,4,0
343,12,short,4,4,1
343,13,baseline,1,4,0.25
343,13,single,3,4,0.75
344,1,related-late,1,3,0.333
344,1,related-early,2,3,0.667
344,2,baseline,0,2,0
344,2,related,2,2,1
344,3,baseline,0,2,0
344,3,related,2,2,1
344,4,repeated,1,1,1
344,4,related,0,1,0
344,5,repeated,0,1,0
344,5,related,1,1,1
344,6,baseline,1,4,0.25
344,6,repeated,3,4,0.75
344,7,baseline,0,1,0
344,7,baseline-foil,1,1,1
344,8,baseline,1,1,1
344,8,baseline-foil,0,1,0
344,9,short,4,4,1
344,9,short-foil,0,4,0
344,10,single,6,6,1
344,10,single-foil,0,6,0
344,11,baseline-foil,4,4,1
344,11,short-foil,0,4,0
344,12,baseline,1,4,0.25
344,12,short,3,4,0.75
344,13,baseline,2,4,0.5
344,13,single,2,4,0.5
345,1,related-late,1,3,0.333
345,1,related-early,2,3,0.667
345,2,baseline,0,2,0
345,2,related,2,2,1
345,3,baseline,1,2,0.5
345,3,related,1,2,0.5
345,4,repeated,0,1,0
345,4,related,1,1,1
345,5,repeated,1,1,1
345,5,related,0,1,0
345,6,baseline,0,4,0
345,6,repeated,4,4,1
345,7,baseline,1,1,1
345,7,baseline-foil,0,1,0
345,8,baseline,0,1,0
345,8,baseline-foil,1,1,1
345,9,short,1,4,0.25
345,9,short-foil,3,4,0.75
345,10,single,3,6,0.5
345,10,single-foil,3,6,0.5
345,11,baseline-foil,1,4,0.25
345,11,short-foil,3,4,0.75
345,12,baseline,1,4,0.25
345,12,short,3,4,0.75
345,13,baseline,1,4,0.25
345,13,single,3,4,0.75
346,1,related-late,2,3,0.667
346,1,related-early,1,3,0.333
346,2,baseline,2,2,1
346,2,related,0,2,0
346,3,baseline,1,2,0.5
346,3,related,1,2,0.5
346,4,repeated,1,1,1
346,4,related,0,1,0
346,5,repeated,1,1,1
346,5,related,0,1,0
346,6,baseline,3,4,0.75
346,6,repeated,1,4,0.25
346,7,baseline,1,1,1
346,7,baseline-foil,0,1,0
346,8,baseline,1,1,1
346,8,baseline-foil,0,1,0
346,9,short,3,4,0.75
346,9,short-foil,1,4,0.25
346,10,single,4,6,0.667
346,10,single-foil,2,6,0.333
346,11,baseline-foil,2,4,0.5
346,11,short-foil,2,4,0.5
346,12,baseline,2,4,0.5
346,12,short,2,4,0.5
346,13,baseline,1,4,0.25
346,13,single,3,4,0.75
347,1,related-late,2,3,0.667
347,1,related-early,1,3,0.333
347,2,baseline,1,2,0.5
347,2,related,1,2,0.5
347,3,baseline,1,2,0.5
347,3,related,1,2,0.5
347,4,repeated,1,1,1
347,4,related,0,1,0
347,5,repeated,1,1,1
347,5,related,0,1,0
347,6,baseline,0,4,0
347,6,repeated,4,4,1
347,7,baseline,1,1,1
347,7,baseline-foil,0,1,0
347,8,baseline,1,1,1
347,8,baseline-foil,0,1,0
347,9,short,4,4,1
347,9,short-foil,0,4,0
347,10,single,6,6,1
347,10,single-foil,0,6,0
347,11,baseline-foil,3,4,0.75
347,11,short-foil,1,4,0.25
347,12,baseline,0,4,0
347,12,short,4,4,1
347,13,baseline,1,4,0.25
347,13,single,3,4,0.75
348,1,related-late,3,3,1
348,1,related-early,0,3,0
348,2,baseline,1,2,0.5
348,2,related,1,2,0.5
348,3,baseline,2,2,1
348,3,related,0,2,0
348,4,repeated,1,1,1
348,4,related,0,1,0
348,5,repeated,1,1,1
348,5,related,0,1,0
348,6,baseline,2,4,0.5
348,6,repeated,2,4,0.5
348,7,baseline,0,1,0
348,7,baseline-foil,1,1,1
348,8,baseline,1,1,1
348,8,baseline-foil,0,1,0
348,9,short,4,4,1
348,9,short-foil,0,4,0
348,10,single,5,6,0.833
348,10,single-foil,1,6,0.167
348,11,baseline-foil,2,4,0.5
348,11,short-foil,2,4,0.5
348,12,baseline,3,4,0.75
348,12,short,1,4,0.25
348,13,baseline,0,4,0
348,13,single,4,4,1
349,1,related-late,2,3,0.667
349,1,related-early,1,3,0.333
349,2,baseline,1,2,0.5
349,2,related,1,2,0.5
349,3,baseline,1,2,0.5
349,3,related,1,2,0.5
349,4,repeated,1,1,1
349,4,related,0,1,0
349,5,repeated,1,1,1
349,5,related,0,1,0
349,6,baseline,0,4,0
349,6,repeated,4,4,1
349,7,baseline,1,1,1
349,7,baseline-foil,0,1,0
349,8,baseline,1,1,1
349,8,baseline-foil,0,1,0
349,9,short,4,4,1
349,9,short-foil,0,4,0
349,10,single,5,6,0.833
349,10,single-foil,1,6,0.167
349,11,baseline-foil,3,4,0.75
349,11,short-foil,1,4,0.25
349,12,baseline,0,4,0
349,12,short,4,4,1
349,13,baseline,0,4,0
349,13,single,4,4,1
350,1,related-late,2,3,0.667
350,1,related-early,1,3,0.333
350,2,baseline,2,2,1
350,2,related,0,2,0
350,3,baseline,0,2,0
350,3,related,2,2,1
350,4,repeated,1,1,1
350,4,related,0,1,0
350,5,repeated,1,1,1
350,5,related,0,1,0
350,6,baseline,0,4,0
350,6,repeated,4,4,1
350,7,baseline,1,1,1
350,7,baseline-foil,0,1,0
350,8,baseline,1,1,1
350,8,baseline-foil,0,1,0
350,9,short,4,4,1
350,9,short-foil,0,4,0
350,10,single,6,6,1
350,10,single-foil,0,6,0
350,11,baseline-foil,3,4,0.75
350,11,short-foil,1,4,0.25
350,12,baseline,0,4,0
350,12,short,4,4,1
350,13,baseline,1,4,0.25
350,13,single,3,4,0.75
351,1,related-late,2,3,0.667
351,1,related-early,1,3,0.333
351,2,baseline,0,2,0
351,2,related,2,2,1
351,3,baseline,1,2,0.5
351,3,related,1,2,0.5
351,4,repeated,0,1,0
351,4,related,1,1,1
351,5,repeated,0,1,0
351,5,related,1,1,1
351,6,baseline,1,4,0.25
351,6,repeated,3,4,0.75
351,7,baseline,1,1,1
351,7,baseline-foil,0,1,0
351,8,baseline,1,1,1
351,8,baseline-foil,0,1,0
351,9,short,4,4,1
351,9,short-foil,0,4,0
351,10,single,5,6,0.833
351,10,single-foil,1,6,0.167
351,11,baseline-foil,3,4,0.75
351,11,short-foil,1,4,0.25
351,12,baseline,3,4,0.75
351,12,short,1,4,0.25
351,13,baseline,2,4,0.5
351,13,single,2,4,0.5
353,1,related-late,2,3,0.667
353,1,related-early,1,3,0.333
353,2,baseline,0,2,0
353,2,related,2,2,1
353,3,baseline,1,2,0.5
353,3,related,1,2,0.5
353,4,repeated,0,1,0
353,4,related,1,1,1
353,5,repeated,0,1,0
353,5,related,1,1,1
353,6,baseline,1,4,0.25
353,6,repeated,3,4,0.75
353,7,baseline,0,1,0
353,7,baseline-foil,1,1,1
353,8,baseline,0,1,0
353,8,baseline-foil,1,1,1
353,9,short,2,4,0.5
353,9,short-foil,2,4,0.5
353,10,single,4,6,0.667
353,10,single-foil,2,6,0.333
353,11,baseline-foil,1,4,0.25
353,11,short-foil,3,4,0.75
353,12,baseline,1,4,0.25
353,12,short,3,4,0.75
353,13,baseline,1,4,0.25
353,13,single,3,4,0.75
354,1,related-late,2,3,0.667
354,1,related-early,1,3,0.333
354,2,baseline,2,2,1
354,2,related,0,2,0
354,3,baseline,2,2,1
354,3,related,0,2,0
354,4,repeated,1,1,1
354,4,related,0,1,0
354,5,repeated,1,1,1
354,5,related,0,1,0
354,6,baseline,2,4,0.5
354,6,repeated,2,4,0.5
354,7,baseline,0,1,0
354,7,baseline-foil,1,1,1
354,8,baseline,0,1,0
354,8,baseline-foil,1,1,1
354,9,short,3,4,0.75
354,9,short-foil,1,4,0.25
354,10,single,3,6,0.5
354,10,single-foil,3,6,0.5
354,11,baseline-foil,3,4,0.75
354,11,short-foil,1,4,0.25
354,12,baseline,3,4,0.75
354,12,short,1,4,0.25
354,13,baseline,3,4,0.75
354,13,single,1,4,0.25
355,1,related-late,1,3,0.333
355,1,related-early,2,3,0.667
355,2,baseline,1,2,0.5
355,2,related,1,2,0.5
355,3,baseline,1,2,0.5
355,3,related,1,2,0.5
355,4,repeated,0,1,0
355,4,related,1,1,1
355,5,repeated,1,1,1
355,5,related,0,1,0
355,6,baseline,2,4,0.5
355,6,repeated,2,4,0.5
355,7,baseline,1,1,1
355,7,baseline-foil,0,1,0
355,8,baseline,1,1,1
355,8,baseline-foil,0,1,0
355,9,short,4,4,1
355,9,short-foil,0,4,0
355,10,single,6,6,1
355,10,single-foil,0,6,0
355,11,baseline-foil,2,4,0.5
355,11,short-foil,2,4,0.5
355,12,baseline,4,4,1
355,12,short,0,4,0
355,13,baseline,1,4,0.25
355,13,single,3,4,0.75
357,1,related-late,3,3,1
357,1,related-early,0,3,0
357,2,baseline,2,2,1
357,2,related,0,2,0
357,3,baseline,0,2,0
357,3,related,2,2,1
357,4,repeated,0,1,0
357,4,related,1,1,1
357,5,repeated,1,1,1
357,5,related,0,1,0
357,6,baseline,1,4,0.25
357,6,repeated,3,4,0.75
357,7,baseline,0,1,0
357,7,baseline-foil,1,1,1
357,8,baseline,1,1,1
357,8,baseline-foil,0,1,0
357,9,short,4,4,1
357,9,short-foil,0,4,0
357,10,single,6,6,1
357,10,single-foil,0,6,0
357,11,baseline-foil,2,4,0.5
357,11,short-foil,2,4,0.5
357,12,baseline,1,4,0.25
357,12,short,3,4,0.75
357,13,baseline,1,4,0.25
357,13,single,3,4,0.75
358,1,related-late,2,3,0.667
358,1,related-early,1,3,0.333
358,2,baseline,2,2,1
358,2,related,0,2,0
358,3,baseline,0,2,0
358,3,related,2,2,1
358,4,repeated,1,1,1
358,4,related,0,1,0
358,5,repeated,1,1,1
358,5,related,0,1,0
358,6,baseline,0,4,0
358,6,repeated,4,4,1
358,7,baseline,1,1,1
358,7,baseline-foil,0,1,0
358,8,baseline,1,1,1
358,8,baseline-foil,0,1,0
358,9,short,4,4,1
358,9,short-foil,0,4,0
358,10,single,6,6,1
358,10,single-foil,0,6,0
358,11,baseline-foil,2,4,0.5
358,11,short-foil,2,4,0.5
358,12,baseline,3,4,0.75
358,12,short,1,4,0.25
358,13,baseline,0,4,0
358,13,single,4,4,1
359,1,related-late,3,3,1
359,1,related-early,0,3,0
359,2,baseline,0,2,0
359,2,related,2,2,1
359,3,baseline,1,2,0.5
359,3,related,1,2,0.5
359,4,repeated,1,1,1
359,4,related,0,1,0
359,5,repeated,1,1,1
359,5,related,0,1,0
359,6,baseline,0,4,0
359,6,repeated,4,4,1
359,7,baseline,1,1,1
359,7,baseline-foil,0,1,0
359,8,baseline,1,1,1
359,8,baseline-foil,0,1,0
359,9,short,3,4,0.75
359,9,short-foil,1,4,0.25
359,10,single,5,6,0.833
359,10,single-foil,1,6,0.167
359,11,baseline-foil,2,4,0.5
359,11,short-foil,2,4,0.5
359,12,baseline,3,4,0.75
359,12,short,1,4,0.25
359,13,baseline,1,4,0.25
359,13,single,3,4,0.75
360,1,related-late,2,3,0.667
360,1,related-early,1,3,0.333
360,2,baseline,1,2,0.5
360,2,related,1,2,0.5
360,3,baseline,0,2,0
360,3,related,2,2,1
360,4,repeated,1,1,1
360,4,related,0,1,0
360,5,repeated,0,1,0
360,5,related,1,1,1
360,6,baseline,2,4,0.5
360,6,repeated,2,4,0.5
360,7,baseline,1,1,1
360,7,baseline-foil,0,1,0
360,8,baseline,0,1,0
360,8,baseline-foil,1,1,1
360,9,short,3,4,0.75
360,9,short-foil,1,4,0.25
360,10,single,5,6,0.833
360,10,single-foil,1,6,0.167
360,11,baseline-foil,1,4,0.25
360,11,short-foil,3,4,0.75
360,12,baseline,2,4,0.5
360,12,short,2,4,0.5
360,13,baseline,1,4,0.25
360,13,single,3,4,0.75
361,1,related-late,2,3,0.667
361,1,related-early,1,3,0.333
361,2,baseline,2,2,1
361,2,related,0,2,0
361,3,baseline,0,2,0
361,3,related,2,2,1
361,4,repeated,1,1,1
361,4,related,0,1,0
361,5,repeated,0,1,0
361,5,related,1,1,1
361,6,baseline,1,4,0.25
361,6,repeated,3,4,0.75
361,7,baseline,1,1,1
361,7,baseline-foil,0,1,0
361,8,baseline,0,1,0
361,8,baseline-foil,1,1,1
361,9,short,2,4,0.5
361,9,short-foil,2,4,0.5
361,10,single,5,6,0.833
361,10,single-foil,1,6,0.167
361,11,baseline-foil,2,4,0.5
361,11,short-foil,2,4,0.5
361,12,baseline,2,4,0.5
361,12,short,2,4,0.5
361,13,baseline,0,4,0
361,13,single,4,4,1
362,1,related-late,2,3,0.667
362,1,related-early,1,3,0.333
362,2,baseline,0,2,0
362,2,related,2,2,1
362,3,baseline,0,2,0
362,3,related,2,2,1
362,4,repeated,1,1,1
362,4,related,0,1,0
362,5,repeated,1,1,1
362,5,related,0,1,0
362,6,baseline,0,4,0
362,6,repeated,4,4,1
362,7,baseline,1,1,1
362,7,baseline-foil,0,1,0
362,8,baseline,1,1,1
362,8,baseline-foil,0,1,0
362,9,short,2,4,0.5
362,9,short-foil,2,4,0.5
362,10,single,4,6,0.667
362,10,single-foil,2,6,0.333
362,11,baseline-foil,1,4,0.25
362,11,short-foil,3,4,0.75
362,12,baseline,1,4,0.25
362,12,short,3,4,0.75
362,13,baseline,1,4,0.25
362,13,single,3,4,0.75
363,1,related-late,1,3,0.333
363,1,related-early,2,3,0.667
363,2,baseline,0,2,0
363,2,related,2,2,1
363,3,baseline,1,2,0.5
363,3,related,1,2,0.5
363,4,repeated,1,1,1
363,4,related,0,1,0
363,5,repeated,0,1,0
363,5,related,1,1,1
363,6,baseline,2,4,0.5
363,6,repeated,2,4,0.5
363,7,baseline,1,1,1
363,7,baseline-foil,0,1,0
363,8,baseline,1,1,1
363,8,baseline-foil,0,1,0
363,9,short,4,4,1
363,9,short-foil,0,4,0
363,10,single,5,6,0.833
363,10,single-foil,1,6,0.167
363,11,baseline-foil,1,4,0.25
363,11,short-foil,3,4,0.75
363,12,baseline,1,4,0.25
363,12,short,3,4,0.75
363,13,baseline,0,4,0
363,13,single,4,4,1
364,1,related-late,1,3,0.333
364,1,related-early,2,3,0.667
364,2,baseline,2,2,1
364,2,related,0,2,0
364,3,baseline,0,2,0
364,3,related,2,2,1
364,4,repeated,1,1,1
364,4,related,0,1,0
364,5,repeated,1,1,1
364,5,related,0,1,0
364,6,baseline,2,4,0.5
364,6,repeated,2,4,0.5
364,7,baseline,1,1,1
364,7,baseline-foil,0,1,0
364,8,baseline,1,1,1
364,8,baseline-foil,0,1,0
364,9,short,3,4,0.75
364,9,short-foil,1,4,0.25
364,10,single,6,6,1
364,10,single-foil,0,6,0
364,11,baseline-foil,3,4,0.75
364,11,short-foil,1,4,0.25
364,12,baseline,2,4,0.5
364,12,short,2,4,0.5
364,13,baseline,2,4,0.5
364,13,single,2,4,0.5
366,1,related-late,1,3,0.333
366,1,related-early,2,3,0.667
366,2,baseline,2,2,1
366,2,related,0,2,0
366,3,baseline,1,2,0.5
366,3,related,1,2,0.5
366,4,repeated,1,1,1
366,4,related,0,1,0
366,5,repeated,1,1,1
366,5,related,0,1,0
366,6,baseline,1,4,0.25
366,6,repeated,3,4,0.75
366,7,baseline,1,1,1
366,7,baseline-foil,0,1,0
366,8,baseline,1,1,1
366,8,baseline-foil,0,1,0
366,9,short,3,4,0.75
366,9,short-foil,1,4,0.25
366,10,single,5,6,0.833
366,10,single-foil,1,6,0.167
366,11,baseline-foil,2,4,0.5
366,11,short-foil,2,4,0.5
366,12,baseline,2,4,0.5
366,12,short,2,4,0.5
366,13,baseline,3,4,0.75
366,13,single,1,4,0.25
367,1,related-late,3,3,1
367,1,related-early,0,3,0
367,2,baseline,0,2,0
367,2,related,2,2,1
367,3,baseline,0,2,0
367,3,related,2,2,1
367,4,repeated,1,1,1
367,4,related,0,1,0
367,5,repeated,1,1,1
367,5,related,0,1,0
367,6,baseline,0,4,0
367,6,repeated,4,4,1
367,7,baseline,0,1,0
367,7,baseline-foil,1,1,1
367,8,baseline,1,1,1
367,8,baseline-foil,0,1,0
367,9,short,3,4,0.75
367,9,short-foil,1,4,0.25
367,10,single,5,6,0.833
367,10,single-foil,1,6,0.167
367,11,baseline-foil,2,4,0.5
367,11,short-foil,2,4,0.5
367,12,baseline,2,4,0.5
367,12,short,2,4,0.5
367,13,baseline,0,4,0
367,13,single,4,4,1
370,1,related-late,2,3,0.667
370,1,related-early,1,3,0.333
370,2,baseline,0,2,0
370,2,related,2,2,1
370,3,baseline,1,2,0.5
370,3,related,1,2,0.5
370,4,repeated,1,1,1
370,4,related,0,1,0
370,5,repeated,1,1,1
370,5,related,0,1,0
370,6,baseline,2,4,0.5
370,6,repeated,2,4,0.5
370,7,baseline,1,1,1
370,7,baseline-foil,0,1,0
370,8,baseline,1,1,1
370,8,baseline-foil,0,1,0
370,9,short,3,4,0.75
370,9,short-foil,1,4,0.25
370,10,single,6,6,1
370,10,single-foil,0,6,0
370,11,baseline-foil,3,4,0.75
370,11,short-foil,1,4,0.25
370,12,baseline,2,4,0.5
370,12,short,2,4,0.5
370,13,baseline,0,4,0
370,13,single,4,4,1
372,1,related-late,0,3,0
372,1,related-early,3,3,1
372,2,baseline,1,2,0.5
372,2,related,1,2,0.5
372,3,baseline,2,2,1
372,3,related,0,2,0
372,4,repeated,1,1,1
372,4,related,0,1,0
372,5,repeated,1,1,1
372,5,related,0,1,0
372,6,baseline,0,4,0
372,6,repeated,4,4,1
372,7,baseline,0,1,0
372,7,baseline-foil,1,1,1
372,8,baseline,0,1,0
372,8,baseline-foil,1,1,1
372,9,short,2,4,0.5
372,9,short-foil,2,4,0.5
372,10,single,4,6,0.667
372,10,single-foil,2,6,0.333
372,11,baseline-foil,4,4,1
372,11,short-foil,0,4,0
372,12,baseline,1,4,0.25
372,12,short,3,4,0.75
372,13,baseline,1,4,0.25
372,13,single,3,4,0.75
373,1,related-late,0,3,0
373,1,related-early,3,3,1
373,2,baseline,1,2,0.5
373,2,related,1,2,0.5
373,3,baseline,1,2,0.5
373,3,related,1,2,0.5
373,4,repeated,1,1,1
373,4,related,0,1,0
373,5,repeated,1,1,1
373,5,related,0,1,0
373,6,baseline,1,4,0.25
373,6,repeated,3,4,0.75
373,7,baseline,1,1,1
373,7,baseline-foil,0,1,0
373,8,baseline,1,1,1
373,8,baseline-foil,0,1,0
373,9,short,4,4,1
373,9,short-foil,0,4,0
373,10,single,5,6,0.833
373,10,single-foil,1,6,0.167
373,11,baseline-foil,0,4,0
373,11,short-foil,4,4,1
373,12,baseline,2,4,0.5
373,12,short,2,4,0.5
373,13,baseline,2,4,0.5
373,13,single,2,4,0.5
374,1,related-late,1,3,0.333
374,1,related-early,2,3,0.667
374,2,baseline,0,2,0
374,2,related,2,2,1
374,3,baseline,1,2,0.5
374,3,related,1,2,0.5
374,4,repeated,1,1,1
374,4,related,0,1,0
374,5,repeated,1,1,1
374,5,related,0,1,0
374,6,baseline,3,4,0.75
374,6,repeated,1,4,0.25
374,7,baseline,1,1,1
374,7,baseline-foil,0,1,0
374,8,baseline,0,1,0
374,8,baseline-foil,1,1,1
374,9,short,3,4,0.75
374,9,short-foil,1,4,0.25
374,10,single,6,6,1
374,10,single-foil,0,6,0
374,11,baseline-foil,1,4,0.25
374,11,short-foil,3,4,0.75
374,12,baseline,3,4,0.75
374,12,short,1,4,0.25
374,13,baseline,0,4,0
374,13,single,4,4,1
375,1,related-late,3,3,1
375,1,related-early,0,3,0
375,2,baseline,2,2,1
375,2,related,0,2,0
375,3,baseline,0,2,0
375,3,related,2,2,1
375,4,repeated,1,1,1
375,4,related,0,1,0
375,5,repeated,1,1,1
375,5,related,0,1,0
375,6,baseline,1,4,0.25
375,6,repeated,3,4,0.75
375,7,baseline,0,1,0
375,7,baseline-foil,1,1,1
375,8,baseline,1,1,1
375,8,baseline-foil,0,1,0
375,9,short,3,4,0.75
375,9,short-foil,1,4,0.25
375,10,single,5,6,0.833
375,10,single-foil,1,6,0.167
375,11,baseline-foil,3,4,0.75
375,11,short-foil,1,4,0.25
375,12,baseline,1,4,0.25
375,12,short,3,4,0.75
375,13,baseline,1,4,0.25
375,13,single,3,4,0.75
376,1,related-late,2,3,0.667
376,1,related-early,1,3,0.333
376,2,baseline,0,2,0
376,2,related,2,2,1
376,3,baseline,1,2,0.5
376,3,related,1,2,0.5
376,4,repeated,1,1,1
376,4,related,0,1,0
376,5,repeated,0,1,0
376,5,related,1,1,1
376,6,baseline,2,4,0.5
376,6,repeated,2,4,0.5
376,7,baseline,1,1,1
376,7,baseline-foil,0,1,0
376,8,baseline,1,1,1
376,8,baseline-foil,0,1,0
376,9,short,1,4,0.25
376,9,short-foil,3,4,0.75
376,10,single,4,6,0.667
376,10,single-foil,2,6,0.333
376,11,baseline-foil,0,4,0
376,11,short-foil,4,4,1
376,12,baseline,2,4,0.5
376,12,short,2,4,0.5
376,13,baseline,2,4,0.5
376,13,single,2,4,0.5
377,1,related-late,2,3,0.667
377,1,related-early,1,3,0.333
377,2,baseline,1,2,0.5
377,2,related,1,2,0.5
377,3,baseline,2,2,1
377,3,related,0,2,0
377,4,repeated,1,1,1
377,4,related,0,1,0
377,5,repeated,0,1,0
377,5,related,1,1,1
377,6,baseline,1,4,0.25
377,6,repeated,3,4,0.75
377,7,baseline,1,1,1
377,7,baseline-foil,0,1,0
377,8,baseline,1,1,1
377,8,baseline-foil,0,1,0
377,9,short,3,4,0.75
377,9,short-foil,1,4,0.25
377,10,single,5,6,0.833
377,10,single-foil,1,6,0.167
377,11,baseline-foil,3,4,0.75
377,11,short-foil,1,4,0.25
377,12,baseline,3,4,0.75
377,12,short,1,4,0.25
377,13,baseline,1,4,0.25
377,13,single,3,4,0.75
378,1,related-late,0,3,0
378,1,related-early,3,3,1
378,2,baseline,1,2,0.5
378,2,related,1,2,0.5
378,3,baseline,0,2,0
378,3,related,2,2,1
378,4,repeated,1,1,1
378,4,related,0,1,0
378,5,repeated,1,1,1
378,5,related,0,1,0
378,6,baseline,3,4,0.75
378,6,repeated,1,4,0.25
378,7,baseline,1,1,1
378,7,baseline-foil,0,1,0
378,8,baseline,1,1,1
378,8,baseline-foil,0,1,0
378,9,short,4,4,1
378,9,short-foil,0,4,0
378,10,single,6,6,1
378,10,single-foil,0,6,0
378,11,baseline-foil,4,4,1
378,11,short-foil,0,4,0
378,12,baseline,2,4,0.5
378,12,short,2,4,0.5
378,13,baseline,1,4,0.25
378,13,single,3,4,0.75
379,1,related-late,1,3,0.333
379,1,related-early,2,3,0.667
379,2,baseline,1,2,0.5
379,2,related,1,2,0.5
379,3,baseline,0,2,0
379,3,related,2,2,1
379,4,repeated,1,1,1
379,4,related,0,1,0
379,5,repeated,1,1,1
379,5,related,0,1,0
379,6,baseline,1,4,0.25
379,6,repeated,3,4,0.75
379,7,baseline,1,1,1
379,7,baseline-foil,0,1,0
379,8,baseline,1,1,1
379,8,baseline-foil,0,1,0
379,9,short,3,4,0.75
379,9,short-foil,1,4,0.25
379,10,single,6,6,1
379,10,single-foil,0,6,0
379,11,baseline-foil,4,4,1
379,11,short-foil,0,4,0
379,12,baseline,0,4,0
379,12,short,4,4,1
379,13,baseline,0,4,0
379,13,single,4,4,1
380,1,related-late,0,3,0
380,1,related-early,3,3,1
380,2,baseline,2,2,1
380,2,related,0,2,0
380,3,baseline,1,2,0.5
380,3,related,1,2,0.5
380,4,repeated,1,1,1
380,4,related,0,1,0
380,5,repeated,0,1,0
380,5,related,1,1,1
380,6,baseline,2,4,0.5
380,6,repeated,2,4,0.5
380,7,baseline,0,1,0
380,7,baseline-foil,1,1,1
380,8,baseline,1,1,1
380,8,baseline-foil,0,1,0
380,9,short,2,4,0.5
380,9,short-foil,2,4,0.5
380,10,single,5,6,0.833
380,10,single-foil,1,6,0.167
380,11,baseline-foil,1,4,0.25
380,11,short-foil,3,4,0.75
380,12,baseline,2,4,0.5
380,12,short,2,4,0.5
380,13,baseline,1,4,0.25
380,13,single,3,4,0.75
381,1,related-late,3,3,1
381,1,related-early,0,3,0
381,2,baseline,1,2,0.5
381,2,related,1,2,0.5
381,3,baseline,1,2,0.5
381,3,related,1,2,0.5
381,4,repeated,1,1,1
381,4,related,0,1,0
381,5,repeated,0,1,0
381,5,related,1,1,1
381,6,baseline,1,4,0.25
381,6,repeated,3,4,0.75
381,7,baseline,0,1,0
381,7,baseline-foil,1,1,1
381,8,baseline,1,1,1
381,8,baseline-foil,0,1,0
381,9,short,3,4,0.75
381,9,short-foil,1,4,0.25
381,10,single,4,6,0.667
381,10,single-foil,2,6,0.333
381,11,baseline-foil,1,4,0.25
381,11,short-foil,3,4,0.75
381,12,baseline,2,4,0.5
381,12,short,2,4,0.5
381,13,baseline,3,4,0.75
381,13,single,1,4,0.25
383,1,related-late,1,3,0.333
383,1,related-early,2,3,0.667
383,2,baseline,2,2,1
383,2,related,0,2,0
383,3,baseline,0,2,0
383,3,related,2,2,1
383,4,repeated,0,1,0
383,4,related,1,1,1
383,5,repeated,0,1,0
383,5,related,1,1,1
383,6,baseline,2,4,0.5
383,6,repeated,2,4,0.5
383,7,baseline,1,1,1
383,7,baseline-foil,0,1,0
383,8,baseline,1,1,1
383,8,baseline-foil,0,1,0
383,9,short,4,4,1
383,9,short-foil,0,4,0
383,10,single,6,6,1
383,10,single-foil,0,6,0
383,11,baseline-foil,1,4,0.25
383,11,short-foil,3,4,0.75
383,12,baseline,1,4,0.25
383,12,short,3,4,0.75
383,13,baseline,1,4,0.25
383,13,single,3,4,0.75
384,1,related-late,2,3,0.667
384,1,related-early,1,3,0.333
384,2,baseline,0,2,0
384,2,related,2,2,1
384,3,baseline,2,2,1
384,3,related,0,2,0
384,4,repeated,0,1,0
384,4,related,1,1,1
384,5,repeated,1,1,1
384,5,related,0,1,0
384,6,baseline,0,4,0
384,6,repeated,4,4,1
384,7,baseline,1,1,1
384,7,baseline-foil,0,1,0
384,8,baseline,0,1,0
384,8,baseline-foil,1,1,1
384,9,short,2,4,0.5
384,9,short-foil,2,4,0.5
384,10,single,4,6,0.667
384,10,single-foil,2,6,0.333
384,11,baseline-foil,3,4,0.75
384,11,short-foil,1,4,0.25
384,12,baseline,2,4,0.5
384,12,short,2,4,0.5
384,13,baseline,2,4,0.5
384,13,single,2,4,0.5
386,1,related-late,2,3,0.667
386,1,related-early,1,3,0.333
386,2,baseline,1,2,0.5
386,2,related,1,2,0.5
386,3,baseline,1,2,0.5
386,3,related,1,2,0.5
386,4,repeated,0,1,0
386,4,related,1,1,1
386,5,repeated,1,1,1
386,5,related,0,1,0
386,6,baseline,1,4,0.25
386,6,repeated,3,4,0.75
386,7,baseline,0,1,0
386,7,baseline-foil,1,1,1
386,8,baseline,1,1,1
386,8,baseline-foil,0,1,0
386,9,short,4,4,1
386,9,short-foil,0,4,0
386,10,single,6,6,1
386,10,single-foil,0,6,0
386,11,baseline-foil,3,4,0.75
386,11,short-foil,1,4,0.25
386,12,baseline,0,4,0
386,12,short,4,4,1
386,13,baseline,0,4,0
386,13,single,4,4,1
387,1,related-late,1,3,0.333
387,1,related-early,2,3,0.667
387,2,baseline,1,2,0.5
387,2,related,1,2,0.5
387,3,baseline,1,2,0.5
387,3,related,1,2,0.5
387,4,repeated,0,1,0
387,4,related,1,1,1
387,5,repeated,0,1,0
387,5,related,1,1,1
387,6,baseline,2,4,0.5
387,6,repeated,2,4,0.5
387,7,baseline,1,1,1
387,7,baseline-foil,0,1,0
387,8,baseline,0,1,0
387,8,baseline-foil,1,1,1
387,9,short,4,4,1
387,9,short-foil,0,4,0
387,10,single,5,6,0.833
387,10,single-foil,1,6,0.167
387,11,baseline-foil,2,4,0.5
387,11,short-foil,2,4,0.5
387,12,baseline,2,4,0.5
387,12,short,2,4,0.5
387,13,baseline,3,4,0.75
387,13,single,1,4,0.25
388,1,related-late,2,3,0.667
388,1,related-early,1,3,0.333
388,2,baseline,2,2,1
388,2,related,0,2,0
388,3,baseline,2,2,1
388,3,related,0,2,0
388,4,repeated,1,1,1
388,4,related,0,1,0
388,5,repeated,0,1,0
388,5,related,1,1,1
388,6,baseline,0,4,0
388,6,repeated,4,4,1
388,7,baseline,1,1,1
388,7,baseline-foil,0,1,0
388,8,baseline,1,1,1
388,8,baseline-foil,0,1,0
388,9,short,4,4,1
388,9,short-foil,0,4,0
388,10,single,6,6,1
388,10,single-foil,0,6,0
388,11,baseline-foil,3,4,0.75
388,11,short-foil,1,4,0.25
388,12,baseline,2,4,0.5
388,12,short,2,4,0.5
388,13,baseline,2,4,0.5
388,13,single,2,4,0.5
389,1,related-late,1,3,0.333
389,1,related-early,2,3,0.667
389,2,baseline,2,2,1
389,2,related,0,2,0
389,3,baseline,1,2,0.5
389,3,related,1,2,0.5
389,4,repeated,1,1,1
389,4,related,0,1,0
389,5,repeated,0,1,0
389,5,related,1,1,1
389,6,baseline,1,4,0.25
389,6,repeated,3,4,0.75
389,7,baseline,0,1,0
389,7,baseline-foil,1,1,1
389,8,baseline,1,1,1
389,8,baseline-foil,0,1,0
389,9,short,4,4,1
389,9,short-foil,0,4,0
389,10,single,6,6,1
389,10,single-foil,0,6,0
389,11,baseline-foil,1,4,0.25
389,11,short-foil,3,4,0.75
389,12,baseline,3,4,0.75
389,12,short,1,4,0.25
389,13,baseline,0,4,0
389,13,single,4,4,1
390,1,related-late,1,3,0.333
390,1,related-early,2,3,0.667
390,2,baseline,1,2,0.5
390,2,related,1,2,0.5
390,3,baseline,2,2,1
390,3,related,0,2,0
390,4,repeated,1,1,1
390,4,related,0,1,0
390,5,repeated,1,1,1
390,5,related,0,1,0
390,6,baseline,1,4,0.25
390,6,repeated,3,4,0.75
390,7,baseline,1,1,1
390,7,baseline-foil,0,1,0
390,8,baseline,1,1,1
390,8,baseline-foil,0,1,0
390,9,short,4,4,1
390,9,short-foil,0,4,0
390,10,single,6,6,1
390,10,single-foil,0,6,0
390,11,baseline-foil,4,4,1
390,11,short-foil,0,4,0
390,12,baseline,2,4,0.5
390,12,short,2,4,0.5
390,13,baseline,0,4,0
390,13,single,4,4,1
391,1,related-late,2,3,0.667
391,1,related-early,1,3,0.333
391,2,baseline,2,2,1
391,2,related,0,2,0
391,3,baseline,0,2,0
391,3,related,2,2,1
391,4,repeated,1,1,1
391,4,related,0,1,0
391,5,repeated,1,1,1
391,5,related,0,1,0
391,6,baseline,2,4,0.5
391,6,repeated,2,4,0.5
391,7,baseline,1,1,1
391,7,baseline-foil,0,1,0
391,8,baseline,0,1,0
391,8,baseline-foil,1,1,1
391,9,short,4,4,1
391,9,short-foil,0,4,0
391,10,single,3,6,0.5
391,10,single-foil,3,6,0.5
391,11,baseline-foil,1,4,0.25
391,11,short-foil,3,4,0.75
391,12,baseline,3,4,0.75
391,12,short,1,4,0.25
391,13,baseline,1,4,0.25
391,13,single,3,4,0.75
392,1,related-late,2,3,0.667
392,1,related-early,1,3,0.333
392,2,baseline,0,2,0
392,2,related,2,2,1
392,3,baseline,0,2,0
392,3,related,2,2,1
392,4,repeated,1,1,1
392,4,related,0,1,0
392,5,repeated,0,1,0
392,5,related,1,1,1
392,6,baseline,1,4,0.25
392,6,repeated,3,4,0.75
392,7,baseline,1,1,1
392,7,baseline-foil,0,1,0
392,8,baseline,1,1,1
392,8,baseline-foil,0,1,0
392,9,short,3,4,0.75
392,9,short-foil,1,4,0.25
392,10,single,3,6,0.5
392,10,single-foil,3,6,0.5
392,11,baseline-foil,1,4,0.25
392,11,short-foil,3,4,0.75
392,12,baseline,2,4,0.5
392,12,short,2,4,0.5
392,13,baseline,3,4,0.75
392,13,single,1,4,0.25
393,1,related-late,1,3,0.333
393,1,related-early,2,3,0.667
393,2,baseline,0,2,0
393,2,related,2,2,1
393,3,baseline,1,2,0.5
393,3,related,1,2,0.5
393,4,repeated,1,1,1
393,4,related,0,1,0
393,5,repeated,0,1,0
393,5,related,1,1,1
393,6,baseline,3,4,0.75
393,6,repeated,1,4,0.25
393,7,baseline,1,1,1
393,7,baseline-foil,0,1,0
393,8,baseline,1,1,1
393,8,baseline-foil,0,1,0
393,9,short,2,4,0.5
393,9,short-foil,2,4,0.5
393,10,single,5,6,0.833
393,10,single-foil,1,6,0.167
393,11,baseline-foil,2,4,0.5
393,11,short-foil,2,4,0.5
393,12,baseline,3,4,0.75
393,12,short,1,4,0.25
393,13,baseline,1,4,0.25
393,13,single,3,4,0.75
395,1,related-late,0,3,0
395,1,related-early,3,3,1
395,2,baseline,1,2,0.5
395,2,related,1,2,0.5
395,3,baseline,1,2,0.5
395,3,related,1,2,0.5
395,4,repeated,1,1,1
395,4,related,0,1,0
395,5,repeated,1,1,1
395,5,related,0,1,0
395,6,baseline,1,4,0.25
395,6,repeated,3,4,0.75
395,7,baseline,0,1,0
395,7,baseline-foil,1,1,1
395,8,baseline,1,1,1
395,8,baseline-foil,0,1,0
395,9,short,3,4,0.75
395,9,short-foil,1,4,0.25
395,10,single,5,6,0.833
395,10,single-foil,1,6,0.167
395,11,baseline-foil,0,4,0
395,11,short-foil,4,4,1
395,12,baseline,2,4,0.5
395,12,short,2,4,0.5
395,13,baseline,3,4,0.75
395,13,single,1,4,0.25
396,1,related-late,1,3,0.333
396,1,related-early,2,3,0.667
396,2,baseline,0,2,0
396,2,related,2,2,1
396,3,baseline,0,2,0
396,3,related,2,2,1
396,4,repeated,0,1,0
396,4,related,1,1,1
396,5,repeated,1,1,1
396,5,related,0,1,0
396,6,baseline,1,4,0.25
396,6,repeated,3,4,0.75
396,7,baseline,1,1,1
396,7,baseline-foil,0,1,0
396,8,baseline,0,1,0
396,8,baseline-foil,1,1,1
396,9,short,2,4,0.5
396,9,short-foil,2,4,0.5
396,10,single,5,6,0.833
396,10,single-foil,1,6,0.167
396,11,baseline-foil,2,4,0.5
396,11,short-foil,2,4,0.5
396,12,baseline,3,4,0.75
396,12,short,1,4,0.25
396,13,baseline,0,4,0
396,13,single,4,4,1
397,1,related-late,2,3,0.667
397,1,related-early,1,3,0.333
397,2,baseline,1,2,0.5
397,2,related,1,2,0.5
397,3,baseline,0,2,0
397,3,related,2,2,1
397,4,repeated,1,1,1
397,4,related,0,1,0
397,5,repeated,0,1,0
397,5,related,1,1,1
397,6,baseline,1,4,0.25
397,6,repeated,3,4,0.75
397,7,baseline,0,1,0
397,7,baseline-foil,1,1,1
397,8,baseline,1,1,1
397,8,baseline-foil,0,1,0
397,9,short,4,4,1
397,9,short-foil,0,4,0
397,10,single,5,6,0.833
397,10,single-foil,1,6,0.167
397,11,baseline-foil,2,4,0.5
397,11,short-foil,2,4,0.5
397,12,baseline,0,4,0
397,12,short,4,4,1
397,13,baseline,2,4,0.5
397,13,single,2,4,0.5
399,1,related-late,2,3,0.667
399,1,related-early,1,3,0.333
399,2,baseline,1,2,0.5
399,2,related,1,2,0.5
399,3,baseline,1,2,0.5
399,3,related,1,2,0.5
399,4,repeated,1,1,1
399,4,related,0,1,0
399,5,repeated,1,1,1
399,5,related,0,1,0
399,6,baseline,1,4,0.25
399,6,repeated,3,4,0.75
399,7,baseline,1,1,1
399,7,baseline-foil,0,1,0
399,8,baseline,1,1,1
399,8,baseline-foil,0,1,0
399,9,short,4,4,1
399,9,short-foil,0,4,0
399,10,single,5,6,0.833
399,10,single-foil,1,6,0.167
399,11,baseline-foil,2,4,0.5
399,11,short-foil,2,4,0.5
399,12,baseline,2,4,0.5
399,12,short,2,4,0.5
399,13,baseline,2,4,0.5
399,13,single,2,4,0.5
400,1,related-late,0,3,0
400,1,related-early,3,3,1
400,2,baseline,1,2,0.5
400,2,related,1,2,0.5
400,3,baseline,0,2,0
400,3,related,2,2,1
400,4,repeated,0,1,0
400,4,related,1,1,1
400,5,repeated,1,1,1
400,5,related,0,1,0
400,6,baseline,1,4,0.25
400,6,repeated,3,4,0.75
400,7,baseline,0,1,0
400,7,baseline-foil,1,1,1
400,8,baseline,1,1,1
400,8,baseline-foil,0,1,0
400,9,short,2,4,0.5
400,9,short-foil,2,4,0.5
400,10,single,5,6,0.833
400,10,single-foil,1,6,0.167
400,11,baseline-foil,2,4,0.5
400,11,short-foil,2,4,0.5
400,12,baseline,3,4,0.75
400,12,short,1,4,0.25
400,13,baseline,2,4,0.5
400,13,single,2,4,0.5
401,1,related-late,1,3,0.333
401,1,related-early,2,3,0.667
401,2,baseline,2,2,1
401,2,related,0,2,0
401,3,baseline,0,2,0
401,3,related,2,2,1
401,4,repeated,1,1,1
401,4,related,0,1,0
401,5,repeated,1,1,1
401,5,related,0,1,0
401,6,baseline,0,4,0
401,6,repeated,4,4,1
401,7,baseline,1,1,1
401,7,baseline-foil,0,1,0
401,8,baseline,1,1,1
401,8,baseline-foil,0,1,0
401,9,short,2,4,0.5
401,9,short-foil,2,4,0.5
401,10,single,6,6,1
401,10,single-foil,0,6,0
401,11,baseline-foil,1,4,0.25
401,11,short-foil,3,4,0.75
401,12,baseline,2,4,0.5
401,12,short,2,4,0.5
401,13,baseline,1,4,0.25
401,13,single,3,4,0.75
402,1,related-late,2,3,0.667
402,1,related-early,1,3,0.333
402,2,baseline,2,2,1
402,2,related,0,2,0
402,3,baseline,0,2,0
402,3,related,2,2,1
402,4,repeated,1,1,1
402,4,related,0,1,0
402,5,repeated,1,1,1
402,5,related,0,1,0
402,6,baseline,0,4,0
402,6,repeated,4,4,1
402,7,baseline,1,1,1
402,7,baseline-foil,0,1,0
402,8,baseline,1,1,1
402,8,baseline-foil,0,1,0
402,9,short,2,4,0.5
402,9,short-foil,2,4,0.5
402,10,single,5,6,0.833
402,10,single-foil,1,6,0.167
402,11,baseline-foil,4,4,1
402,11,short-foil,0,4,0
402,12,baseline,0,4,0
402,12,short,4,4,1
402,13,baseline,0,4,0
402,13,single,4,4,1
403,1,related-late,1,3,0.333
403,1,related-early,2,3,0.667
403,2,baseline,1,2,0.5
403,2,related,1,2,0.5
403,3,baseline,1,2,0.5
403,3,related,1,2,0.5
403,4,repeated,0,1,0
403,4,related,1,1,1
403,5,repeated,1,1,1
403,5,related,0,1,0
403,6,baseline,1,4,0.25
403,6,repeated,3,4,0.75
403,7,baseline,1,1,1
403,7,baseline-foil,0,1,0
403,8,baseline,1,1,1
403,8,baseline-foil,0,1,0
403,9,short,3,4,0.75
403,9,short-foil,1,4,0.25
403,10,single,6,6,1
403,10,single-foil,0,6,0
403,11,baseline-foil,3,4,0.75
403,11,short-foil,1,4,0.25
403,12,baseline,1,4,0.25
403,12,short,3,4,0.75
403,13,baseline,1,4,0.25
403,13,single,3,4,0.75
404,1,related-late,3,3,1
404,1,related-early,0,3,0
404,2,baseline,1,2,0.5
404,2,related,1,2,0.5
404,3,baseline,1,2,0.5
404,3,related,1,2,0.5
404,4,repeated,1,1,1
404,4,related,0,1,0
404,5,repeated,1,1,1
404,5,related,0,1,0
404,6,baseline,1,4,0.25
404,6,repeated,3,4,0.75
404,7,baseline,1,1,1
404,7,baseline-foil,0,1,0
404,8,baseline,1,1,1
404,8,baseline-foil,0,1,0
404,9,short,4,4,1
404,9,short-foil,0,4,0
404,10,single,3,6,0.5
404,10,single-foil,3,6,0.5
404,11,baseline-foil,2,4,0.5
404,11,short-foil,2,4,0.5
404,12,baseline,1,4,0.25
404,12,short,3,4,0.75
404,13,baseline,2,4,0.5
404,13,single,2,4,0.5
406,1,related-late,2,3,0.667
406,1,related-early,1,3,0.333
406,2,baseline,1,2,0.5
406,2,related,1,2,0.5
406,3,baseline,1,2,0.5
406,3,related,1,2,0.5
406,4,repeated,0,1,0
406,4,related,1,1,1
406,5,repeated,0,1,0
406,5,related,1,1,1
406,6,baseline,1,4,0.25
406,6,repeated,3,4,0.75
406,7,baseline,0,1,0
406,7,baseline-foil,1,1,1
406,8,baseline,1,1,1
406,8,baseline-foil,0,1,0
406,9,short,4,4,1
406,9,short-foil,0,4,0
406,10,single,6,6,1
406,10,single-foil,0,6,0
406,11,baseline-foil,2,4,0.5
406,11,short-foil,2,4,0.5
406,12,baseline,1,4,0.25
406,12,short,3,4,0.75
406,13,baseline,1,4,0.25
406,13,single,3,4,0.75
407,1,related-late,1,3,0.333
407,1,related-early,2,3,0.667
407,2,baseline,1,2,0.5
407,2,related,1,2,0.5
407,3,baseline,0,2,0
407,3,related,2,2,1
407,4,repeated,1,1,1
407,4,related,0,1,0
407,5,repeated,1,1,1
407,5,related,0,1,0
407,6,baseline,0,4,0
407,6,repeated,4,4,1
407,7,baseline,0,1,0
407,7,baseline-foil,1,1,1
407,8,baseline,0,1,0
407,8,baseline-foil,1,1,1
407,9,short,4,4,1
407,9,short-foil,0,4,0
407,10,single,4,6,0.667
407,10,single-foil,2,6,0.333
407,11,baseline-foil,2,4,0.5
407,11,short-foil,2,4,0.5
407,12,baseline,1,4,0.25
407,12,short,3,4,0.75
407,13,baseline,1,4,0.25
407,13,single,3,4,0.75
408,1,related-late,2,3,0.667
408,1,related-early,1,3,0.333
408,2,baseline,2,2,1
408,2,related,0,2,0
408,3,baseline,2,2,1
408,3,related,0,2,0
408,4,repeated,1,1,1
408,4,related,0,1,0
408,5,repeated,1,1,1
408,5,related,0,1,0
408,6,baseline,1,4,0.25
408,6,repeated,3,4,0.75
408,7,baseline,1,1,1
408,7,baseline-foil,0,1,0
408,8,baseline,0,1,0
408,8,baseline-foil,1,1,1
408,9,short,4,4,1
408,9,short-foil,0,4,0
408,10,single,6,6,1
408,10,single-foil,0,6,0
408,11,baseline-foil,1,4,0.25
408,11,short-foil,3,4,0.75
408,12,baseline,2,4,0.5
408,12,short,2,4,0.5
408,13,baseline,0,4,0
408,13,single,4,4,1
410,1,related-late,2,3,0.667
410,1,related-early,1,3,0.333
410,2,baseline,2,2,1
410,2,related,0,2,0
410,3,baseline,1,2,0.5
410,3,related,1,2,0.5
410,4,repeated,1,1,1
410,4,related,0,1,0
410,5,repeated,1,1,1
410,5,related,0,1,0
410,6,baseline,0,4,0
410,6,repeated,4,4,1
410,7,baseline,1,1,1
410,7,baseline-foil,0,1,0
410,8,baseline,1,1,1
410,8,baseline-foil,0,1,0
410,9,short,4,4,1
410,9,short-foil,0,4,0
410,10,single,6,6,1
410,10,single-foil,0,6,0
410,11,baseline-foil,4,4,1
410,11,short-foil,0,4,0
410,12,baseline,0,4,0
410,12,short,4,4,1
410,13,baseline,1,4,0.25
410,13,single,3,4,0.75
411,1,related-late,2,3,0.667
411,1,related-early,1,3,0.333
411,2,baseline,0,2,0
411,2,related,2,2,1
411,3,baseline,0,2,0
411,3,related,2,2,1
411,4,repeated,1,1,1
411,4,related,0,1,0
411,5,repeated,1,1,1
411,5,related,0,1,0
411,6,baseline,1,4,0.25
411,6,repeated,3,4,0.75
411,7,baseline,1,1,1
411,7,baseline-foil,0,1,0
411,8,baseline,1,1,1
411,8,baseline-foil,0,1,0
411,9,short,3,4,0.75
411,9,short-foil,1,4,0.25
411,10,single,6,6,1
411,10,single-foil,0,6,0
411,11,baseline-foil,4,4,1
411,11,short-foil,0,4,0
411,12,baseline,2,4,0.5
411,12,short,2,4,0.5
411,13,baseline,2,4,0.5
411,13,single,2,4,0.5